2992300,Vs1(uV),380,Vb1(mV),4988,Vs2(uV),420,Vb2(mV),4992
7979500,Vs1(uV),380,Vb1(mV),4988,Vs2(uV),430,Vb2(mV),4984
11970200,Vs1(uV),410,Vb1(mV),4988,Vs2(uV),440,Vb2(mV),4988
15958700,Vs1(uV),400,Vb1(mV),4988,Vs2(uV),420,Vb2(mV),4988
20945200,Vs1(uV),370,Vb1(mV),4984,Vs2(uV),440,Vb2(mV),4988
24933700,Vs1(uV),420,Vb1(mV),4988,Vs2(uV),400,Vb2(mV),4988
29919600,Vs1(uV),410,Vb1(mV),4988,Vs2(uV),440,Vb2(mV),4992
33909700,Vs1(uV),420,Vb1(mV),4984,Vs2(uV),440,Vb2(mV),4988
38895600,Vs1(uV),420,Vb1(mV),4984,Vs2(uV),430,Vb2(mV),4988
42888300,Vs1(uV),380,Vb1(mV),4988,Vs2(uV),430,Vb2(mV),4992
47873700,Vs1(uV),380,Vb1(mV),4988,Vs2(uV),440,Vb2(mV),4992
51861000,Vs1(uV),400,Vb1(mV),4988,Vs2(uV),410,Vb2(mV),4988
56847800,Vs1(uV),410,Vb1(mV),4988,Vs2(uV),400,Vb2(mV),4988
60838600,Vs1(uV),370,Vb1(mV),4988,Vs2(uV),440,Vb2(mV),4988
65824000,Vs1(uV),380,Vb1(mV),4988,Vs2(uV),450,Vb2(mV),4988
69812900,Vs1(uV),370,Vb1(mV),4988,Vs2(uV),420,Vb2(mV),4988
74800500,Vs1(uV),380,Vb1(mV),4984,Vs2(uV),420,Vb2(mV),4992
78799200,Vs1(uV),380,Vb1(mV),4988,Vs2(uV),430,Vb2(mV),4992
82779100,Vs1(uV),380,Vb1(mV),4988,Vs2(uV),420,Vb2(mV),4988
87765100,Vs1(uV),410,Vb1(mV),4988,Vs2(uV),410,Vb2(mV),4988
91755500,Vs1(uV),410,Vb1(mV),4984,Vs2(uV),410,Vb2(mV),4988
96742300,Vs1(uV),400,Vb1(mV),4984,Vs2(uV),440,Vb2(mV),4988
100743800,Vs1(uV),380,Vb1(mV),4984,Vs2(uV),420,Vb2(mV),4992
105717100,Vs1(uV),380,Vb1(mV),4988,Vs2(uV),420,Vb2(mV),4988
109706200,Vs1(uV),420,Vb1(mV),4988,Vs2(uV),440,Vb2(mV),4988
114694400,Vs1(uV),390,Vb1(mV),4988,Vs2(uV),410,Vb2(mV),4988
118682900,Vs1(uV),380,Vb1(mV),4988,Vs2(uV),420,Vb2(mV),4988
123668900,Vs1(uV),400,Vb1(mV),4988,Vs2(uV),440,Vb2(mV),4988
127659900,Vs1(uV),400,Vb1(mV),4988,Vs2(uV),410,Vb2(mV),4992
131649400,Vs1(uV),410,Vb1(mV),4988,Vs2(uV),420,Vb2(mV),4988
136634300,Vs1(uV),400,Vb1(mV),4988,Vs2(uV),430,Vb2(mV),4992
140623600,Vs1(uV),360,Vb1(mV),4988,Vs2(uV),450,Vb2(mV),4988
146611700,Vs1(uV),400,Vb1(mV),4988,Vs2(uV),410,Vb2(mV),4988
149599000,Vs1(uV),390,Vb1(mV),4988,Vs2(uV),430,Vb2(mV),4988
154586400,Vs1(uV),410,Vb1(mV),4988,Vs2(uV),440,Vb2(mV),4988
158577000,Vs1(uV),390,Vb1(mV),4984,Vs2(uV),420,Vb2(mV),4988
163564900,Vs1(uV),390,Vb1(mV),4984,Vs2(uV),410,Vb2(mV),4992
167552700,Vs1(uV),410,Vb1(mV),4988,Vs2(uV),430,Vb2(mV),4988
172538100,Vs1(uV),380,Vb1(mV),4988,Vs2(uV),430,Vb2(mV),4988
176545900,Vs1(uV),410,Vb1(mV),4988,Vs2(uV),440,Vb2(mV),4988
180517600,Vs1(uV),400,Vb1(mV),4988,Vs2(uV),460,Vb2(mV),4984
185504300,Vs1(uV),380,Vb1(mV),4988,Vs2(uV),410,Vb2(mV),4988
189493300,Vs1(uV),410,Vb1(mV),4984,Vs2(uV),420,Vb2(mV),4992
194480200,Vs1(uV),380,Vb1(mV),4988,Vs2(uV),390,Vb2(mV),4992
198471300,Vs1(uV),400,Vb1(mV),4988,Vs2(uV),450,Vb2(mV),4988
203455000,Vs1(uV),380,Vb1(mV),4988,Vs2(uV),420,Vb2(mV),4984
207444200,Vs1(uV),400,Vb1(mV),4988,Vs2(uV),400,Vb2(mV),4988
212448100,Vs1(uV),390,Vb1(mV),4988,Vs2(uV),410,Vb2(mV),4988
216426300,Vs1(uV),410,Vb1(mV),4988,Vs2(uV),410,Vb2(mV),4988
221409300,Vs1(uV),400,Vb1(mV),4988,Vs2(uV),410,Vb2(mV),4988
225398400,Vs1(uV),370,Vb1(mV),4988,Vs2(uV),420,Vb2(mV),4992
230385800,Vs1(uV),360,Vb1(mV),4988,Vs2(uV),410,Vb2(mV),4988
234373800,Vs1(uV),410,Vb1(mV),4984,Vs2(uV),440,Vb2(mV),4988
238362800,Vs1(uV),410,Vb1(mV),4988,Vs2(uV),400,Vb2(mV),4988
243350700,Vs1(uV),410,Vb1(mV),4984,Vs2(uV),400,Vb2(mV),4992
247340700,Vs1(uV),370,Vb1(mV),4988,Vs2(uV),450,Vb2(mV),4992
252327200,Vs1(uV),360,Vb1(mV),4984,Vs2(uV),420,Vb2(mV),4988
256314300,Vs1(uV),380,Vb1(mV),4988,Vs2(uV),420,Vb2(mV),4984
261302100,Vs1(uV),400,Vb1(mV),4988,Vs2(uV),440,Vb2(mV),4988
265290800,Vs1(uV),410,Vb1(mV),4988,Vs2(uV),400,Vb2(mV),4988
270277100,Vs1(uV),380,Vb1(mV),4984,Vs2(uV),420,Vb2(mV),4988
274266500,Vs1(uV),400,Vb1(mV),4988,Vs2(uV),440,Vb2(mV),4992
279255900,Vs1(uV),370,Vb1(mV),4984,Vs2(uV),420,Vb2(mV),4988
283244500,Vs1(uV),400,Vb1(mV),4984,Vs2(uV),440,Vb2(mV),4988
288229000,Vs1(uV),370,Vb1(mV),4988,Vs2(uV),420,Vb2(mV),4984
292219600,Vs1(uV),400,Vb1(mV),4988,Vs2(uV),430,Vb2(mV),4988
296208400,Vs1(uV),380,Vb1(mV),4988,Vs2(uV),440,Vb2(mV),4988
301201000,Vs1(uV),410,Vb1(mV),4988,Vs2(uV),440,Vb2(mV),4988
305183700,Vs1(uV),370,Vb1(mV),4984,Vs2(uV),410,Vb2(mV),4988
310187700,Vs1(uV),410,Vb1(mV),4988,Vs2(uV),470,Vb2(mV),4992
314162000,Vs1(uV),380,Vb1(mV),4988,Vs2(uV),400,Vb2(mV),4988
319147200,Vs1(uV),390,Vb1(mV),4988,Vs2(uV),400,Vb2(mV),4988
323136000,Vs1(uV),420,Vb1(mV),4984,Vs2(uV),430,Vb2(mV),4988
328129300,Vs1(uV),400,Vb1(mV),4988,Vs2(uV),410,Vb2(mV),4988
332112400,Vs1(uV),380,Vb1(mV),4984,Vs2(uV),430,Vb2(mV),4988
337098400,Vs1(uV),400,Vb1(mV),4984,Vs2(uV),460,Vb2(mV),4988
341087600,Vs1(uV),410,Vb1(mV),4988,Vs2(uV),450,Vb2(mV),4988
346076700,Vs1(uV),400,Vb1(mV),4992,Vs2(uV),430,Vb2(mV),4988
350064800,Vs1(uV),380,Vb1(mV),4988,Vs2(uV),420,Vb2(mV),4988
354053000,Vs1(uV),370,Vb1(mV),4988,Vs2(uV),420,Vb2(mV),4988
359043400,Vs1(uV),400,Vb1(mV),4988,Vs2(uV),450,Vb2(mV),4988
363050400,Vs1(uV),420,Vb1(mV),4988,Vs2(uV),440,Vb2(mV),4988
368020300,Vs1(uV),390,Vb1(mV),4988,Vs2(uV),440,Vb2(mV),4988
372005400,Vs1(uV),430,Vb1(mV),4988,Vs2(uV),440,Vb2(mV),4988
376997100,Vs1(uV),380,Vb1(mV),4988,Vs2(uV),400,Vb2(mV),4988
380981700,Vs1(uV),370,Vb1(mV),4988,Vs2(uV),440,Vb2(mV),4992
385967800,Vs1(uV),380,Vb1(mV),4988,Vs2(uV),450,Vb2(mV),4988
389957300,Vs1(uV),410,Vb1(mV),4984,Vs2(uV),470,Vb2(mV),4988
394945100,Vs1(uV),410,Vb1(mV),4984,Vs2(uV),430,Vb2(mV),4988
398934800,Vs1(uV),400,Vb1(mV),4984,Vs2(uV),420,Vb2(mV),4988
402922700,Vs1(uV),380,Vb1(mV),4988,Vs2(uV),420,Vb2(mV),4988
407909100,Vs1(uV),400,Vb1(mV),4988,Vs2(uV),440,Vb2(mV),4988
411900200,Vs1(uV),400,Vb1(mV),4984,Vs2(uV),410,Vb2(mV),4988
416885700,Vs1(uV),380,Vb1(mV),4988,Vs2(uV),400,Vb2(mV),4988
420874800,Vs1(uV),380,Vb1(mV),4984,Vs2(uV),440,Vb2(mV),4988
425863600,Vs1(uV),420,Vb1(mV),4988,Vs2(uV),430,Vb2(mV),4988
429851300,Vs1(uV),420,Vb1(mV),4988,Vs2(uV),420,Vb2(mV),4988
434837200,Vs1(uV),410,Vb1(mV),4988,Vs2(uV),450,Vb2(mV),4988
438826700,Vs1(uV),400,Vb1(mV),4988,Vs2(uV),420,Vb2(mV),4988
443814800,Vs1(uV),400,Vb1(mV),4988,Vs2(uV),440,Vb2(mV),4988
447803500,Vs1(uV),390,Vb1(mV),4984,Vs2(uV),440,Vb2(mV),4988
452789400,Vs1(uV),410,Vb1(mV),4984,Vs2(uV),450,Vb2(mV),4988
456778300,Vs1(uV),400,Vb1(mV),4988,Vs2(uV),440,Vb2(mV),4988
460769100,Vs1(uV),400,Vb1(mV),4988,Vs2(uV),430,Vb2(mV),4992
465754300,Vs1(uV),420,Vb1(mV),4988,Vs2(uV),450,Vb2(mV),4988
469743800,Vs1(uV),370,Vb1(mV),4988,Vs2(uV),410,Vb2(mV),4992
474730400,Vs1(uV),380,Vb1(mV),4988,Vs2(uV),410,Vb2(mV),4988
478722300,Vs1(uV),360,Vb1(mV),4988,Vs2(uV),410,Vb2(mV),4988
483706200,Vs1(uV),380,Vb1(mV),4988,Vs2(uV),420,Vb2(mV),4988
487696100,Vs1(uV),360,Vb1(mV),4992,Vs2(uV),440,Vb2(mV),4988
492682600,Vs1(uV),380,Vb1(mV),4988,Vs2(uV),420,Vb2(mV),4988
496672200,Vs1(uV),380,Vb1(mV),4984,Vs2(uV),440,Vb2(mV),4988
501660000,Vs1(uV),380,Vb1(mV),4988,Vs2(uV),420,Vb2(mV),4992
505648400,Vs1(uV),370,Vb1(mV),4984,Vs2(uV),410,Vb2(mV),4988
510648500,Vs1(uV),380,Vb1(mV),4984,Vs2(uV),420,Vb2(mV),4988
514624800,Vs1(uV),410,Vb1(mV),4988,Vs2(uV),440,Vb2(mV),4992
518614500,Vs1(uV),390,Vb1(mV),4988,Vs2(uV),400,Vb2(mV),4988
523600200,Vs1(uV),410,Vb1(mV),4988,Vs2(uV),470,Vb2(mV),4992
527588900,Vs1(uV),380,Vb1(mV),4988,Vs2(uV),420,Vb2(mV),4988
532578200,Vs1(uV),400,Vb1(mV),4988,Vs2(uV),420,Vb2(mV),4988
537562300,Vs1(uV),400,Vb1(mV),4984,Vs2(uV),410,Vb2(mV),4992
541551200,Vs1(uV),380,Vb1(mV),4988,Vs2(uV),440,Vb2(mV),4988
545548400,Vs1(uV),380,Vb1(mV),4992,Vs2(uV),430,Vb2(mV),4988
550528500,Vs1(uV),400,Vb1(mV),4988,Vs2(uV),450,Vb2(mV),4988
554517200,Vs1(uV),410,Vb1(mV),4988,Vs2(uV),440,Vb2(mV),4988
559512000,Vs1(uV),370,Vb1(mV),4988,Vs2(uV),460,Vb2(mV),4988
563495000,Vs1(uV),420,Vb1(mV),4984,Vs2(uV),440,Vb2(mV),4988
568480800,Vs1(uV),410,Vb1(mV),4988,Vs2(uV),420,Vb2(mV),4988
572468900,Vs1(uV),410,Vb1(mV),4988,Vs2(uV),410,Vb2(mV),4988
577457800,Vs1(uV),370,Vb1(mV),4988,Vs2(uV),420,Vb2(mV),4992
581447200,Vs1(uV),400,Vb1(mV),4988,Vs2(uV),450,Vb2(mV),4992
585435000,Vs1(uV),400,Vb1(mV),4988,Vs2(uV),430,Vb2(mV),4992
590421300,Vs1(uV),390,Vb1(mV),4988,Vs2(uV),390,Vb2(mV),4988
594413100,Vs1(uV),400,Vb1(mV),4984,Vs2(uV),420,Vb2(mV),4988
599397400,Vs1(uV),400,Vb1(mV),4988,Vs2(uV),410,Vb2(mV),4988
603386400,Vs1(uV),380,Vb1(mV),4988,Vs2(uV),440,Vb2(mV),4992
608373300,Vs1(uV),410,Vb1(mV),4988,Vs2(uV),440,Vb2(mV),4988
612363700,Vs1(uV),400,Vb1(mV),4988,Vs2(uV),410,Vb2(mV),4988
617348800,Vs1(uV),410,Vb1(mV),4984,Vs2(uV),450,Vb2(mV),4984
621338600,Vs1(uV),380,Vb1(mV),4984,Vs2(uV),410,Vb2(mV),4988
625328900,Vs1(uV),400,Vb1(mV),4988,Vs2(uV),430,Vb2(mV),4992
630314900,Vs1(uV),400,Vb1(mV),4988,Vs2(uV),440,Vb2(mV),4988
634303900,Vs1(uV),440,Vb1(mV),4988,Vs2(uV),430,Vb2(mV),4992
639290600,Vs1(uV),400,Vb1(mV),4988,Vs2(uV),430,Vb2(mV),4988
643291400,Vs1(uV),370,Vb1(mV),4988,Vs2(uV),420,Vb2(mV),4992
648268300,Vs1(uV),410,Vb1(mV),4988,Vs2(uV),400,Vb2(mV),4988
652257100,Vs1(uV),380,Vb1(mV),4984,Vs2(uV),450,Vb2(mV),4992
657253200,Vs1(uV),370,Vb1(mV),4988,Vs2(uV),410,Vb2(mV),4988
661246100,Vs1(uV),390,Vb1(mV),4988,Vs2(uV),440,Vb2(mV),4984
666218500,Vs1(uV),390,Vb1(mV),4988,Vs2(uV),430,Vb2(mV),4984
670208600,Vs1(uV),390,Vb1(mV),4988,Vs2(uV),420,Vb2(mV),4988
675194400,Vs1(uV),420,Vb1(mV),4988,Vs2(uV),420,Vb2(mV),4984
679186200,Vs1(uV),420,Vb1(mV),4984,Vs2(uV),420,Vb2(mV),4988
684171300,Vs1(uV),370,Vb1(mV),4988,Vs2(uV),440,Vb2(mV),4988
688160300,Vs1(uV),380,Vb1(mV),4988,Vs2(uV),440,Vb2(mV),4992
692148700,Vs1(uV),400,Vb1(mV),4988,Vs2(uV),420,Vb2(mV),4988
697136200,Vs1(uV),410,Vb1(mV),4988,Vs2(uV),450,Vb2(mV),4988
701125800,Vs1(uV),410,Vb1(mV),4988,Vs2(uV),460,Vb2(mV),4988
706112700,Vs1(uV),400,Vb1(mV),4988,Vs2(uV),460,Vb2(mV),4992
711116300,Vs1(uV),420,Vb1(mV),4984,Vs2(uV),430,Vb2(mV),4988
715089000,Vs1(uV),400,Vb1(mV),4988,Vs2(uV),430,Vb2(mV),4988
719077900,Vs1(uV),400,Vb1(mV),4988,Vs2(uV),390,Vb2(mV),4988
724063700,Vs1(uV),400,Vb1(mV),4988,Vs2(uV),450,Vb2(mV),4988
728054500,Vs1(uV),400,Vb1(mV),4988,Vs2(uV),420,Vb2(mV),4988
733039900,Vs1(uV),390,Vb1(mV),4988,Vs2(uV),450,Vb2(mV),4988
737029700,Vs1(uV),400,Vb1(mV),4984,Vs2(uV),390,Vb2(mV),4992
741018500,Vs1(uV),400,Vb1(mV),4984,Vs2(uV),420,Vb2(mV),4988
746011100,Vs1(uV),400,Vb1(mV),4988,Vs2(uV),420,Vb2(mV),4988
749994800,Vs1(uV),420,Vb1(mV),4988,Vs2(uV),410,Vb2(mV),4988
754981200,Vs1(uV),380,Vb1(mV),4988,Vs2(uV),430,Vb2(mV),4984
758971100,Vs1(uV),380,Vb1(mV),4988,Vs2(uV),420,Vb2(mV),4988
763965900,Vs1(uV),380,Vb1(mV),4988,Vs2(uV),440,Vb2(mV),4988
767947100,Vs1(uV),400,Vb1(mV),4984,Vs2(uV),440,Vb2(mV),4992
772933100,Vs1(uV),400,Vb1(mV),4988,Vs2(uV),410,Vb2(mV),4988
776942600,Vs1(uV),380,Vb1(mV),4992,Vs2(uV),420,Vb2(mV),4988
781909300,Vs1(uV),410,Vb1(mV),4992,Vs2(uV),400,Vb2(mV),4988
785898500,Vs1(uV),400,Vb1(mV),4988,Vs2(uV),440,Vb2(mV),4992
789889400,Vs1(uV),390,Vb1(mV),4984,Vs2(uV),420,Vb2(mV),4984
794875400,Vs1(uV),400,Vb1(mV),4988,Vs2(uV),440,Vb2(mV),4988
798865300,Vs1(uV),400,Vb1(mV),4984,Vs2(uV),440,Vb2(mV),4988
803851000,Vs1(uV),400,Vb1(mV),4988,Vs2(uV),440,Vb2(mV),4988
807840200,Vs1(uV),400,Vb1(mV),4988,Vs2(uV),410,Vb2(mV),4988
812828300,Vs1(uV),370,Vb1(mV),4988,Vs2(uV),410,Vb2(mV),4992
816815600,Vs1(uV),370,Vb1(mV),4984,Vs2(uV),420,Vb2(mV),4992
821802400,Vs1(uV),380,Vb1(mV),4984,Vs2(uV),440,Vb2(mV),4988
826799300,Vs1(uV),360,Vb1(mV),4988,Vs2(uV),420,Vb2(mV),4988
830779500,Vs1(uV),410,Vb1(mV),4988,Vs2(uV),420,Vb2(mV),4988
834767400,Vs1(uV),380,Vb1(mV),4988,Vs2(uV),450,Vb2(mV),4992
839754900,Vs1(uV),400,Vb1(mV),4988,Vs2(uV),440,Vb2(mV),4988
843751600,Vs1(uV),410,Vb1(mV),4988,Vs2(uV),450,Vb2(mV),4988
847733400,Vs1(uV),400,Vb1(mV),4988,Vs2(uV),420,Vb2(mV),4988
852720200,Vs1(uV),410,Vb1(mV),4988,Vs2(uV),430,Vb2(mV),4988
856710000,Vs1(uV),370,Vb1(mV),4984,Vs2(uV),440,Vb2(mV),4988
861697600,Vs1(uV),390,Vb1(mV),4988,Vs2(uV),410,Vb2(mV),4992
865686700,Vs1(uV),400,Vb1(mV),4988,Vs2(uV),400,Vb2(mV),4988
870671100,Vs1(uV),380,Vb1(mV),4988,Vs2(uV),420,Vb2(mV),4988
874661200,Vs1(uV),380,Vb1(mV),4988,Vs2(uV),440,Vb2(mV),4988
879671200,Vs1(uV),400,Vb1(mV),4988,Vs2(uV),440,Vb2(mV),4992
883638600,Vs1(uV),400,Vb1(mV),4988,Vs2(uV),440,Vb2(mV),4988
888624300,Vs1(uV),400,Vb1(mV),4988,Vs2(uV),440,Vb2(mV),4988
892614100,Vs1(uV),410,Vb1(mV),4988,Vs2(uV),450,Vb2(mV),4988
897614300,Vs1(uV),380,Vb1(mV),4984,Vs2(uV),440,Vb2(mV),4992
901590400,Vs1(uV),390,Vb1(mV),4984,Vs2(uV),450,Vb2(mV),4988
905578600,Vs1(uV),400,Vb1(mV),4988,Vs2(uV),430,Vb2(mV),4988
910576800,Vs1(uV),420,Vb1(mV),4984,Vs2(uV),400,Vb2(mV),4988
914555900,Vs1(uV),410,Vb1(mV),4988,Vs2(uV),420,Vb2(mV),4992
919543100,Vs1(uV),400,Vb1(mV),4988,Vs2(uV),440,Vb2(mV),4988
923530500,Vs1(uV),380,Vb1(mV),4988,Vs2(uV),440,Vb2(mV),4988
928519800,Vs1(uV),400,Vb1(mV),4988,Vs2(uV),400,Vb2(mV),4988
932506800,Vs1(uV),380,Vb1(mV),4988,Vs2(uV),410,Vb2(mV),4992
937493100,Vs1(uV),390,Vb1(mV),4988,Vs2(uV),460,Vb2(mV),4988
941482400,Vs1(uV),400,Vb1(mV),4984,Vs2(uV),420,Vb2(mV),4988
946471900,Vs1(uV),420,Vb1(mV),4988,Vs2(uV),440,Vb2(mV),4988
950460800,Vs1(uV),400,Vb1(mV),4988,Vs2(uV),420,Vb2(mV),4992
955445100,Vs1(uV),400,Vb1(mV),4984,Vs2(uV),410,Vb2(mV),4988
959435400,Vs1(uV),400,Vb1(mV),4988,Vs2(uV),460,Vb2(mV),4988
963424600,Vs1(uV),410,Vb1(mV),4988,Vs2(uV),420,Vb2(mV),4988
968410800,Vs1(uV),380,Vb1(mV),4984,Vs2(uV),410,Vb2(mV),4988
972399700,Vs1(uV),380,Vb1(mV),4988,Vs2(uV),400,Vb2(mV),4988
977386300,Vs1(uV),410,Vb1(mV),4988,Vs2(uV),410,Vb2(mV),4988
981377400,Vs1(uV),380,Vb1(mV),4992,Vs2(uV),420,Vb2(mV),4992
986362600,Vs1(uV),380,Vb1(mV),4988,Vs2(uV),440,Vb2(mV),4988
990351800,Vs1(uV),410,Vb1(mV),4988,Vs2(uV),450,Vb2(mV),4988
995339100,Vs1(uV),380,Vb1(mV),4984,Vs2(uV),410,Vb2(mV),4988
999328200,Vs1(uV),410,Vb1(mV),4984,Vs2(uV),440,Vb2(mV),4988
1004314500,Vs1(uV),380,Vb1(mV),4988,Vs2(uV),420,Vb2(mV),4984
1008303700,Vs1(uV),390,Vb1(mV),4988,Vs2(uV),420,Vb2(mV),4988
1012312600,Vs1(uV),370,Vb1(mV),4988,Vs2(uV),440,Vb2(mV),4988
1017281600,Vs1(uV),380,Vb1(mV),4988,Vs2(uV),420,Vb2(mV),4992
1021269200,Vs1(uV),380,Vb1(mV),4984,Vs2(uV),460,Vb2(mV),4984
1026257000,Vs1(uV),380,Vb1(mV),4988,Vs2(uV),410,Vb2(mV),4984
1030262500,Vs1(uV),400,Vb1(mV),4988,Vs2(uV),460,Vb2(mV),4988
1035232600,Vs1(uV),410,Vb1(mV),4988,Vs2(uV),420,Vb2(mV),4992
1039221100,Vs1(uV),380,Vb1(mV),4984,Vs2(uV),440,Vb2(mV),4992
1044209600,Vs1(uV),370,Vb1(mV),4988,Vs2(uV),440,Vb2(mV),4988
1048200300,Vs1(uV),400,Vb1(mV),4988,Vs2(uV),460,Vb2(mV),4988
1053184400,Vs1(uV),390,Vb1(mV),4988,Vs2(uV),420,Vb2(mV),4992
1057173100,Vs1(uV),380,Vb1(mV),4988,Vs2(uV),430,Vb2(mV),4988
1062162300,Vs1(uV),370,Vb1(mV),4988,Vs2(uV),420,Vb2(mV),4992
1066150800,Vs1(uV),410,Vb1(mV),4988,Vs2(uV),410,Vb2(mV),4988
1070138900,Vs1(uV),410,Vb1(mV),4988,Vs2(uV),440,Vb2(mV),4988
1075125600,Vs1(uV),390,Vb1(mV),4988,Vs2(uV),420,Vb2(mV),4988
1079117100,Vs1(uV),380,Vb1(mV),4984,Vs2(uV),410,Vb2(mV),4988
1084101900,Vs1(uV),370,Vb1(mV),4984,Vs2(uV),420,Vb2(mV),4988
1088091300,Vs1(uV),380,Vb1(mV),4988,Vs2(uV),410,Vb2(mV),4992
1093078700,Vs1(uV),400,Vb1(mV),4988,Vs2(uV),430,Vb2(mV),4988
1097076100,Vs1(uV),390,Vb1(mV),4988,Vs2(uV),440,Vb2(mV),4984
1102053800,Vs1(uV),380,Vb1(mV),4988,Vs2(uV),440,Vb2(mV),4988
1106043400,Vs1(uV),380,Vb1(mV),4988,Vs2(uV),450,Vb2(mV),4988
1111029200,Vs1(uV),380,Vb1(mV),4988,Vs2(uV),440,Vb2(mV),4988
1115019600,Vs1(uV),390,Vb1(mV),4984,Vs2(uV),440,Vb2(mV),4988
1120005100,Vs1(uV),400,Vb1(mV),4988,Vs2(uV),440,Vb2(mV),4992
1123994900,Vs1(uV),410,Vb1(mV),4988,Vs2(uV),400,Vb2(mV),4988
1128984500,Vs1(uV),410,Vb1(mV),4988,Vs2(uV),420,Vb2(mV),4992
1132972500,Vs1(uV),420,Vb1(mV),4988,Vs2(uV),420,Vb2(mV),4988
1136959700,Vs1(uV),400,Vb1(mV),4984,Vs2(uV),420,Vb2(mV),4988
1141946500,Vs1(uV),410,Vb1(mV),4984,Vs2(uV),440,Vb2(mV),4992
1145936600,Vs1(uV),420,Vb1(mV),4984,Vs2(uV),400,Vb2(mV),4988
1150923600,Vs1(uV),410,Vb1(mV),4988,Vs2(uV),410,Vb2(mV),4992
1154912100,Vs1(uV),400,Vb1(mV),4988,Vs2(uV),400,Vb2(mV),4992
1159900400,Vs1(uV),370,Vb1(mV),4988,Vs2(uV),430,Vb2(mV),4988
1163891900,Vs1(uV),380,Vb1(mV),4988,Vs2(uV),400,Vb2(mV),4988
1168875600,Vs1(uV),370,Vb1(mV),4988,Vs2(uV),420,Vb2(mV),4988
1172863800,Vs1(uV),370,Vb1(mV),4988,Vs2(uV),410,Vb2(mV),4988
1177852300,Vs1(uV),370,Vb1(mV),4988,Vs2(uV),440,Vb2(mV),4988
1181841800,Vs1(uV),380,Vb1(mV),4984,Vs2(uV),430,Vb2(mV),4988
1185829600,Vs1(uV),380,Vb1(mV),4988,Vs2(uV),450,Vb2(mV),4988
1190815000,Vs1(uV),380,Vb1(mV),4988,Vs2(uV),400,Vb2(mV),4988
1195803200,Vs1(uV),390,Vb1(mV),4988,Vs2(uV),410,Vb2(mV),4988
1199793000,Vs1(uV),400,Vb1(mV),4984,Vs2(uV),400,Vb2(mV),4988
1203782000,Vs1(uV),360,Vb1(mV),4988,Vs2(uV),450,Vb2(mV),4988
1208767900,Vs1(uV),400,Vb1(mV),4988,Vs2(uV),470,Vb2(mV),4988
1212760000,Vs1(uV),420,Vb1(mV),4988,Vs2(uV),420,Vb2(mV),4988
1217748200,Vs1(uV),390,Vb1(mV),4988,Vs2(uV),420,Vb2(mV),4992
1221733300,Vs1(uV),400,Vb1(mV),4988,Vs2(uV),420,Vb2(mV),4992
1226720500,Vs1(uV),400,Vb1(mV),4988,Vs2(uV),400,Vb2(mV),4988
1230711000,Vs1(uV),410,Vb1(mV),4988,Vs2(uV),440,Vb2(mV),4988
1234700000,Vs1(uV),400,Vb1(mV),4988,Vs2(uV),430,Vb2(mV),4988
1239685900,Vs1(uV),370,Vb1(mV),4988,Vs2(uV),450,Vb2(mV),4988
1244672200,Vs1(uV),380,Vb1(mV),4988,Vs2(uV),440,Vb2(mV),4988
1248663500,Vs1(uV),400,Vb1(mV),4988,Vs2(uV),420,Vb2(mV),4988
1252650200,Vs1(uV),380,Vb1(mV),4988,Vs2(uV),420,Vb2(mV),4988
1257639600,Vs1(uV),410,Vb1(mV),4988,Vs2(uV),440,Vb2(mV),4988
1261627900,Vs1(uV),390,Vb1(mV),4988,Vs2(uV),430,Vb2(mV),4988
1266615500,Vs1(uV),420,Vb1(mV),4988,Vs2(uV),410,Vb2(mV),4988
1270605800,Vs1(uV),410,Vb1(mV),4988,Vs2(uV),410,Vb2(mV),4988
1275590000,Vs1(uV),370,Vb1(mV),4988,Vs2(uV),420,Vb2(mV),4992
1279579700,Vs1(uV),400,Vb1(mV),4988,Vs2(uV),410,Vb2(mV),4984
1284566700,Vs1(uV),400,Vb1(mV),4988,Vs2(uV),410,Vb2(mV),4988
1288555200,Vs1(uV),410,Vb1(mV),4988,Vs2(uV),440,Vb2(mV),4992
1292543900,Vs1(uV),420,Vb1(mV),4988,Vs2(uV),390,Vb2(mV),4988
1297531600,Vs1(uV),390,Vb1(mV),4988,Vs2(uV),410,Vb2(mV),4992
1301523100,Vs1(uV),380,Vb1(mV),4988,Vs2(uV),420,Vb2(mV),4988
1306506700,Vs1(uV),390,Vb1(mV),4988,Vs2(uV),420,Vb2(mV),4992
1310498200,Vs1(uV),400,Vb1(mV),4988,Vs2(uV),410,Vb2(mV),4992
1315483600,Vs1(uV),360,Vb1(mV),4988,Vs2(uV),410,Vb2(mV),4988
1319472300,Vs1(uV),430,Vb1(mV),4988,Vs2(uV),420,Vb2(mV),4988
1324459100,Vs1(uV),370,Vb1(mV),4988,Vs2(uV),440,Vb2(mV),4988
1328449000,Vs1(uV),380,Vb1(mV),4992,Vs2(uV),410,Vb2(mV),4988
1333435200,Vs1(uV),390,Vb1(mV),4988,Vs2(uV),440,Vb2(mV),4992
1337424100,Vs1(uV),420,Vb1(mV),4984,Vs2(uV),440,Vb2(mV),4992
1341413800,Vs1(uV),400,Vb1(mV),4984,Vs2(uV),420,Vb2(mV),4988
1346402700,Vs1(uV),400,Vb1(mV),4988,Vs2(uV),430,Vb2(mV),4988
1350391600,Vs1(uV),390,Vb1(mV),4988,Vs2(uV),440,Vb2(mV),4988
1355376300,Vs1(uV),410,Vb1(mV),4988,Vs2(uV),440,Vb2(mV),4988
1359365100,Vs1(uV),410,Vb1(mV),4988,Vs2(uV),420,Vb2(mV),4988
1364353000,Vs1(uV),400,Vb1(mV),4988,Vs2(uV),450,Vb2(mV),4992
1368341900,Vs1(uV),410,Vb1(mV),4984,Vs2(uV),420,Vb2(mV),4988
1373327900,Vs1(uV),420,Vb1(mV),4988,Vs2(uV),420,Vb2(mV),4988
1377322500,Vs1(uV),400,Vb1(mV),4988,Vs2(uV),450,Vb2(mV),4988
1382309100,Vs1(uV),420,Vb1(mV),4988,Vs2(uV),440,Vb2(mV),4988
1386293600,Vs1(uV),410,Vb1(mV),4988,Vs2(uV),450,Vb2(mV),4992
1391279800,Vs1(uV),370,Vb1(mV),4988,Vs2(uV),420,Vb2(mV),4992
1395272200,Vs1(uV),410,Vb1(mV),4984,Vs2(uV),410,Vb2(mV),4988
1399260300,Vs1(uV),410,Vb1(mV),4984,Vs2(uV),420,Vb2(mV),4992
1404245200,Vs1(uV),400,Vb1(mV),4984,Vs2(uV),410,Vb2(mV),4988
1408234600,Vs1(uV),380,Vb1(mV),4988,Vs2(uV),440,Vb2(mV),4988
1413242100,Vs1(uV),370,Vb1(mV),4992,Vs2(uV),400,Vb2(mV),4988
1417211400,Vs1(uV),410,Vb1(mV),4988,Vs2(uV),420,Vb2(mV),4988
1422197300,Vs1(uV),410,Vb1(mV),4984,Vs2(uV),420,Vb2(mV),4988
1426189600,Vs1(uV),400,Vb1(mV),4988,Vs2(uV),440,Vb2(mV),4992
1431200300,Vs1(uV),370,Vb1(mV),4988,Vs2(uV),410,Vb2(mV),4992
1435163200,Vs1(uV),380,Vb1(mV),4984,Vs2(uV),420,Vb2(mV),4988
1440149500,Vs1(uV),370,Vb1(mV),4988,Vs2(uV),420,Vb2(mV),4992
1444154000,Vs1(uV),400,Vb1(mV),4988,Vs2(uV),400,Vb2(mV),4988
1449127200,Vs1(uV),420,Vb1(mV),4988,Vs2(uV),400,Vb2(mV),4988
1453114500,Vs1(uV),400,Vb1(mV),4984,Vs2(uV),430,Vb2(mV),4988
1457103900,Vs1(uV),410,Vb1(mV),4984,Vs2(uV),420,Vb2(mV),4988
1462091400,Vs1(uV),400,Vb1(mV),4984,Vs2(uV),420,Vb2(mV),4992
1466081500,Vs1(uV),410,Vb1(mV),4988,Vs2(uV),420,Vb2(mV),4988
1471066400,Vs1(uV),400,Vb1(mV),4988,Vs2(uV),420,Vb2(mV),4988
1475056000,Vs1(uV),360,Vb1(mV),4988,Vs2(uV),410,Vb2(mV),4992
1480044400,Vs1(uV),380,Vb1(mV),4988,Vs2(uV),450,Vb2(mV),4988
1484048400,Vs1(uV),380,Vb1(mV),4988,Vs2(uV),440,Vb2(mV),4992
1489018500,Vs1(uV),380,Vb1(mV),4988,Vs2(uV),440,Vb2(mV),4984
1493008200,Vs1(uV),370,Vb1(mV),4988,Vs2(uV),420,Vb2(mV),4988
1497997100,Vs1(uV),410,Vb1(mV),4984,Vs2(uV),440,Vb2(mV),4988
1501984200,Vs1(uV),390,Vb1(mV),4984,Vs2(uV),460,Vb2(mV),4988
1506970500,Vs1(uV),380,Vb1(mV),4988,Vs2(uV),420,Vb2(mV),4992
1510977100,Vs1(uV),370,Vb1(mV),4988,Vs2(uV),430,Vb2(mV),4988
1514951000,Vs1(uV),370,Vb1(mV),4988,Vs2(uV),450,Vb2(mV),4988
1519936000,Vs1(uV),400,Vb1(mV),4988,Vs2(uV),440,Vb2(mV),4988
1523925000,Vs1(uV),400,Vb1(mV),4988,Vs2(uV),460,Vb2(mV),4988
1528911900,Vs1(uV),410,Vb1(mV),4984,Vs2(uV),410,Vb2(mV),4988
1532901100,Vs1(uV),380,Vb1(mV),4988,Vs2(uV),450,Vb2(mV),4988
1537887900,Vs1(uV),440,Vb1(mV),4988,Vs2(uV),410,Vb2(mV),4988
1541877100,Vs1(uV),400,Vb1(mV),4984,Vs2(uV),450,Vb2(mV),4988
1546866500,Vs1(uV),430,Vb1(mV),4988,Vs2(uV),410,Vb2(mV),4988
1550854100,Vs1(uV),410,Vb1(mV),4988,Vs2(uV),380,Vb2(mV),4988
1555840000,Vs1(uV),400,Vb1(mV),4988,Vs2(uV),420,Vb2(mV),4988
1559831800,Vs1(uV),380,Vb1(mV),4988,Vs2(uV),440,Vb2(mV),4984
1564818400,Vs1(uV),410,Vb1(mV),4988,Vs2(uV),420,Vb2(mV),4988
1568806900,Vs1(uV),410,Vb1(mV),4988,Vs2(uV),440,Vb2(mV),4992
1572794700,Vs1(uV),360,Vb1(mV),4988,Vs2(uV),440,Vb2(mV),4988
1577794200,Vs1(uV),380,Vb1(mV),4988,Vs2(uV),440,Vb2(mV),4992
1581771200,Vs1(uV),380,Vb1(mV),4988,Vs2(uV),410,Vb2(mV),4988
1586757600,Vs1(uV),400,Vb1(mV),4988,Vs2(uV),440,Vb2(mV),4988
1590746500,Vs1(uV),400,Vb1(mV),4988,Vs2(uV),450,Vb2(mV),4988
1595735100,Vs1(uV),370,Vb1(mV),4988,Vs2(uV),450,Vb2(mV),4988
1599724000,Vs1(uV),400,Vb1(mV),4988,Vs2(uV),410,Vb2(mV),4988
1604709600,Vs1(uV),400,Vb1(mV),4988,Vs2(uV),420,Vb2(mV),4988
1608698600,Vs1(uV),400,Vb1(mV),4988,Vs2(uV),390,Vb2(mV),4988
1613689100,Vs1(uV),400,Vb1(mV),4988,Vs2(uV),420,Vb2(mV),4988
1617677200,Vs1(uV),390,Vb1(mV),4984,Vs2(uV),450,Vb2(mV),4988
1621664700,Vs1(uV),420,Vb1(mV),4988,Vs2(uV),440,Vb2(mV),4992
1626651900,Vs1(uV),380,Vb1(mV),4984,Vs2(uV),420,Vb2(mV),4988
1631638600,Vs1(uV),410,Vb1(mV),4984,Vs2(uV),440,Vb2(mV),4988
1635627800,Vs1(uV),380,Vb1(mV),4984,Vs2(uV),420,Vb2(mV),4992
1639615900,Vs1(uV),380,Vb1(mV),4992,Vs2(uV),420,Vb2(mV),4988
1644617300,Vs1(uV),380,Vb1(mV),4988,Vs2(uV),440,Vb2(mV),4988
1648597100,Vs1(uV),370,Vb1(mV),4984,Vs2(uV),410,Vb2(mV),4988
1653579000,Vs1(uV),380,Vb1(mV),4988,Vs2(uV),420,Vb2(mV),4988
1657569400,Vs1(uV),400,Vb1(mV),4988,Vs2(uV),440,Vb2(mV),4988
1662556600,Vs1(uV),400,Vb1(mV),4984,Vs2(uV),400,Vb2(mV),4988
1666545700,Vs1(uV),390,Vb1(mV),4988,Vs2(uV),430,Vb2(mV),4988
1671530500,Vs1(uV),410,Vb1(mV),4988,Vs2(uV),440,Vb2(mV),4988
1675519900,Vs1(uV),400,Vb1(mV),4988,Vs2(uV),440,Vb2(mV),4988
1679512000,Vs1(uV),400,Vb1(mV),4984,Vs2(uV),450,Vb2(mV),4988
1684542100,Vs1(uV),370,Vb1(mV),4988,Vs2(uV),440,Vb2(mV),4988
1688487200,Vs1(uV),430,Vb1(mV),4988,Vs2(uV),430,Vb2(mV),4988
1693473100,Vs1(uV),420,Vb1(mV),4988,Vs2(uV),440,Vb2(mV),4992
1697468200,Vs1(uV),370,Vb1(mV),4988,Vs2(uV),430,Vb2(mV),4992
1702448600,Vs1(uV),400,Vb1(mV),4988,Vs2(uV),450,Vb2(mV),4992
1706437400,Vs1(uV),400,Vb1(mV),4984,Vs2(uV),460,Vb2(mV),4988
1711426200,Vs1(uV),410,Vb1(mV),4988,Vs2(uV),450,Vb2(mV),4992
1715416800,Vs1(uV),380,Vb1(mV),4984,Vs2(uV),420,Vb2(mV),4988
1720400700,Vs1(uV),380,Vb1(mV),4984,Vs2(uV),430,Vb2(mV),4988
1724389400,Vs1(uV),410,Vb1(mV),4988,Vs2(uV),420,Vb2(mV),4988
1729378000,Vs1(uV),410,Vb1(mV),4984,Vs2(uV),440,Vb2(mV),4988
1733367100,Vs1(uV),360,Vb1(mV),4988,Vs2(uV),440,Vb2(mV),4988
1737354700,Vs1(uV),360,Vb1(mV),4988,Vs2(uV),430,Vb2(mV),4988
1742341100,Vs1(uV),410,Vb1(mV),4988,Vs2(uV),420,Vb2(mV),4988
1746331700,Vs1(uV),390,Vb1(mV),4988,Vs2(uV),420,Vb2(mV),4988
1751318400,Vs1(uV),400,Vb1(mV),4984,Vs2(uV),410,Vb2(mV),4988
1755307000,Vs1(uV),370,Vb1(mV),4988,Vs2(uV),420,Vb2(mV),4988
1760294300,Vs1(uV),400,Vb1(mV),4988,Vs2(uV),440,Vb2(mV),4988
1764285900,Vs1(uV),420,Vb1(mV),4988,Vs2(uV),430,Vb2(mV),4992
1769269700,Vs1(uV),380,Vb1(mV),4988,Vs2(uV),430,Vb2(mV),4988
1773258500,Vs1(uV),410,Vb1(mV),4988,Vs2(uV),440,Vb2(mV),4988
1778246100,Vs1(uV),380,Vb1(mV),4988,Vs2(uV),430,Vb2(mV),4992
1782250800,Vs1(uV),380,Vb1(mV),4988,Vs2(uV),460,Vb2(mV),4988
1787221900,Vs1(uV),370,Vb1(mV),4988,Vs2(uV),420,Vb2(mV),4988
1791210600,Vs1(uV),410,Vb1(mV),4988,Vs2(uV),410,Vb2(mV),4988
1796219900,Vs1(uV),390,Vb1(mV),4988,Vs2(uV),420,Vb2(mV),4988
1800189000,Vs1(uV),400,Vb1(mV),4988,Vs2(uV),410,Vb2(mV),4992
1804175900,Vs1(uV),400,Vb1(mV),4988,Vs2(uV),420,Vb2(mV),4988
1809162600,Vs1(uV),390,Vb1(mV),4988,Vs2(uV),420,Vb2(mV),4992
1813153300,Vs1(uV),400,Vb1(mV),4988,Vs2(uV),420,Vb2(mV),4988
1818139000,Vs1(uV),390,Vb1(mV),4988,Vs2(uV),450,Vb2(mV),4992
1822127900,Vs1(uV),410,Vb1(mV),4984,Vs2(uV),440,Vb2(mV),4988
1827116900,Vs1(uV),410,Vb1(mV),4988,Vs2(uV),440,Vb2(mV),4988
1831107500,Vs1(uV),380,Vb1(mV),4984,Vs2(uV),440,Vb2(mV),4988
1836092100,Vs1(uV),370,Vb1(mV),4984,Vs2(uV),410,Vb2(mV),4992
1840079100,Vs1(uV),400,Vb1(mV),4992,Vs2(uV),440,Vb2(mV),4988
1845074900,Vs1(uV),400,Vb1(mV),4988,Vs2(uV),430,Vb2(mV),4988
1849062300,Vs1(uV),420,Vb1(mV),4988,Vs2(uV),450,Vb2(mV),4992
1853044800,Vs1(uV),400,Vb1(mV),4984,Vs2(uV),440,Vb2(mV),4988
1858032300,Vs1(uV),410,Vb1(mV),4988,Vs2(uV),450,Vb2(mV),4988
1862023000,Vs1(uV),410,Vb1(mV),4988,Vs2(uV),460,Vb2(mV),4988
1867008000,Vs1(uV),400,Vb1(mV),4988,Vs2(uV),440,Vb2(mV),4988
1870997800,Vs1(uV),370,Vb1(mV),4988,Vs2(uV),400,Vb2(mV),4992
1875984000,Vs1(uV),370,Vb1(mV),4988,Vs2(uV),440,Vb2(mV),4988
1879974500,Vs1(uV),410,Vb1(mV),4984,Vs2(uV),440,Vb2(mV),4992
1884963700,Vs1(uV),380,Vb1(mV),4988,Vs2(uV),410,Vb2(mV),4992
1888951500,Vs1(uV),400,Vb1(mV),4988,Vs2(uV),450,Vb2(mV),4988
1893935900,Vs1(uV),370,Vb1(mV),4988,Vs2(uV),440,Vb2(mV),4988
1897928300,Vs1(uV),370,Vb1(mV),4988,Vs2(uV),410,Vb2(mV),4988
