Time (ms),Sensor,Temperature (° C),Sensor Frequency (Hz),Reference Frequency (Hz),Recharge Register,Window Factor,Sensitivity,Passive,Standby
0.000000,1,80,232963,75447,0,7.630000,h,0,0 
245.344300,1,80,233772,75439,0,7.630000,h,0,0 
507.644700,1,80,233558,75447,0,7.630000,h,0,0 
768.943300,1,80,233543,75431,0,7.630000,h,0,0 
1031.241600,1,80,233512,75431,0,7.630000,h,0,0 
1293.541100,1,80,233535,75431,0,7.630000,h,0,0 
1559.831200,1,80,233512,75408,0,7.630000,h,0,0 
1822.127900,1,80,233459,75416,0,7.630000,h,0,0 
2084.426000,1,80,233535,75439,0,7.630000,h,0,0 
2346.727100,1,80,233520,75439,0,7.630000,h,0,0 
2608.024000,1,80,233528,75439,0,7.630000,h,0,0 
2870.351300,1,80,233512,75408,0,7.630000,h,0,0 
3132.621600,1,80,233520,75447,0,7.630000,h,0,0 
3394.925800,1,80,233497,75454,0,7.630000,h,0,0 
3657.218300,1,80,233482,75447,0,7.630000,h,0,0 
3922.508900,1,80,233520,75408,0,7.630000,h,0,0 
4448.107000,1,80,233482,75408,0,7.630000,h,0,0 
4709.405000,1,80,233512,75408,0,7.630000,h,0,0 
4971.704800,1,80,233482,75393,0,7.630000,h,0,0 
5234.004000,1,80,233451,75416,0,7.630000,h,0,0 
5496.300900,1,80,233634,75408,0,7.630000,h,0,0 
5757.601000,1,80,233497,75408,0,7.630000,h,0,0 
6020.898200,1,80,233528,75424,0,7.630000,h,0,0 
6286.190300,1,80,233497,75431,0,7.630000,h,0,0 
6548.488500,1,80,233543,75431,0,7.630000,h,0,0 
6810.786000,1,80,233497,75424,0,7.630000,h,0,0 
7073.084900,1,80,233512,75408,0,7.630000,h,0,0 
7334.387500,1,80,233528,75416,0,7.630000,h,0,0 
7596.716900,1,80,233558,75439,0,7.630000,h,0,0 
7859.015000,1,80,233512,75408,0,7.630000,h,0,0 
8122.278900,1,80,233474,75408,0,7.630000,h,0,0 
8386.577600,1,80,233497,75408,0,7.630000,h,0,0 
8649.868700,1,80,233482,75416,0,7.630000,h,0,0 
9174.465800,1,80,233474,75416,0,7.630000,h,0,0 
9435.767300,1,80,233520,75416,0,7.630000,h,0,0 
9698.065800,1,80,233474,75424,0,7.630000,h,0,0 
10222.662400,1,80,233505,75416,0,7.630000,h,0,0 
10487.953300,1,80,233489,75416,0,7.630000,h,0,0 
10750.250700,1,80,233474,75416,0,7.630000,h,0,0 
11012.549400,1,80,233467,75401,0,7.630000,h,0,0 
11274.886000,1,80,233474,75416,0,7.630000,h,0,0 
11537.146200,1,80,233444,75424,0,7.630000,h,0,0 
11799.445700,1,80,233528,75431,0,7.630000,h,0,0 
12061.757400,1,80,233482,75424,0,7.630000,h,0,0 
12323.048500,1,80,233474,75431,0,7.630000,h,0,0 
12585.342700,1,80,233482,75431,0,7.630000,h,0,0 
12851.705500,1,80,233512,75431,0,7.630000,h,0,0 
13113.936000,1,80,233459,75401,0,7.630000,h,0,0 
13376.232500,1,80,233467,75416,0,7.630000,h,0,0 
13638.529500,1,80,233451,75393,0,7.630000,h,0,0 
13900.826100,1,80,233505,75401,0,7.630000,h,0,0 
14163.125400,1,80,233520,75401,0,7.630000,h,0,0 
14424.428200,1,80,233474,75401,0,7.630000,h,0,0 
14686.723500,1,80,233497,75408,0,7.630000,h,0,0 
14952.020700,1,80,233535,75416,0,7.630000,h,0,0 
15215.311200,1,80,233482,75416,0,7.630000,h,0,0 
15477.612600,1,80,233467,75424,0,7.630000,h,0,0 
15738.915200,1,80,233505,75416,0,7.630000,h,0,0 
16001.241800,1,80,233650,75416,0,7.630000,h,0,0 
16263.539200,1,80,233627,75401,0,7.630000,h,0,0 
16525.819400,1,80,233459,75416,0,7.630000,h,0,0 
16788.140700,1,80,233497,75408,0,7.630000,h,0,0 
17050.403500,1,80,233520,75424,0,7.630000,h,0,0 
17315.697200,1,80,233497,75416,0,7.630000,h,0,0 
17577.996200,1,80,233520,75424,0,7.630000,h,0,0 
17840.290700,1,80,233489,75416,0,7.630000,h,0,0 
18102.589500,1,80,233482,75408,0,7.630000,h,0,0 
18364.888200,1,80,233459,75401,0,7.630000,h,0,0 
18628.186200,1,80,233444,75386,0,7.630000,h,0,0 
18889.513000,1,80,233489,75393,0,7.630000,h,0,0 
19151.783200,1,80,233474,75393,0,7.630000,h,0,0 
19417.077500,1,80,233497,75408,0,7.630000,h,0,0 
19941.692300,1,80,233451,75401,0,7.630000,h,0,0 
20203.971300,1,80,233489,75393,0,7.630000,h,0,0 
20728.570000,1,80,233459,75393,0,7.630000,h,0,0 
20989.869400,1,80,233451,75401,0,7.630000,h,0,0 
21253.164900,1,80,233489,75408,0,7.630000,h,0,0 
21514.466100,1,80,233467,75416,0,7.630000,h,0,0 
22305.350500,1,80,233383,75401,0,7.630000,h,0,0 
22566.652500,1,80,233467,75408,0,7.630000,h,0,0 
22828.976100,1,80,233505,75386,0,7.630000,h,0,0 
23091.251600,1,80,233604,75408,0,7.630000,h,0,0 
23353.550800,1,80,233428,75401,0,7.630000,h,0,0 
23615.849400,1,80,233474,75401,0,7.630000,h,0,0 
23881.136100,1,80,233444,75401,0,7.630000,h,0,0 
24143.435300,1,80,233482,75393,0,7.630000,h,0,0 
24405.737800,1,80,233444,75401,0,7.630000,h,0,0 
24668.032900,1,80,233459,75408,0,7.630000,h,0,0 
24930.332600,1,80,233421,75386,0,7.630000,h,0,0 
25192.630700,1,80,233436,75408,0,7.630000,h,0,0 
25454.928700,1,80,233428,75401,0,7.630000,h,0,0 
25716.229600,1,80,233451,75393,0,7.630000,h,0,0 
25978.561000,1,80,233428,75401,0,7.630000,h,0,0 
26252.797100,1,80,233413,75393,0,7.630000,h,0,0 
26507.134200,1,80,233451,75393,0,7.630000,h,0,0 
26769.416900,1,80,233421,75401,0,7.630000,h,0,0 
27031.711500,1,80,233589,75401,0,7.630000,h,0,0 
27294.012200,1,80,233444,75401,0,7.630000,h,0,0 
27556.313600,1,80,233467,75401,0,7.630000,h,0,0 
27817.642700,1,80,233444,75393,0,7.630000,h,0,0 
28079.908500,1,80,233467,75401,0,7.630000,h,0,0 
28342.209900,1,80,233428,75401,0,7.630000,h,0,0 
28608.497300,1,80,233444,75401,0,7.630000,h,0,0 
28870.794900,1,80,233459,75401,0,7.630000,h,0,0 
29132.137200,1,80,233306,75393,0,7.630000,h,0,0 
29394.396200,1,80,233428,75393,0,7.630000,h,0,0 
29656.696100,1,80,233413,75401,0,7.630000,h,0,0 
29918.991400,1,80,233451,75401,0,7.630000,h,0,0 
30181.288300,1,80,233482,75401,0,7.630000,h,0,0 
30443.588200,1,80,233596,75401,0,7.630000,h,0,0 
30708.883800,1,80,233436,75401,0,7.630000,h,0,0 
30971.176800,1,80,233421,75393,0,7.630000,h,0,0 
31233.488600,1,80,233413,75401,0,7.630000,h,0,0 
31495.777200,1,80,233467,75408,0,7.630000,h,0,0 
31758.078100,1,80,233436,75424,0,7.630000,h,0,0 
32020.398900,1,80,233451,75416,0,7.630000,h,0,0 
32282.669500,1,80,233489,75416,0,7.630000,h,0,0 
32543.973300,1,80,233428,75401,0,7.630000,h,0,0 
32806.298100,1,80,233444,75401,0,7.630000,h,0,0 
33072.557400,1,80,233428,75401,0,7.630000,h,0,0 
33334.855900,1,80,233451,75401,0,7.630000,h,0,0 
33597.157400,1,80,233459,75408,0,7.630000,h,0,0 
33859.454600,1,80,233428,75408,0,7.630000,h,0,0 
34120.756500,1,80,233436,75408,0,7.630000,h,0,0 
34383.055200,1,80,233467,75439,0,7.630000,h,0,0 
34645.354000,1,80,233474,75431,0,7.630000,h,0,0 
34907.650200,1,80,233436,75431,0,7.630000,h,0,0 
35169.950200,1,80,233421,75416,0,7.630000,h,0,0 
35435.247300,1,80,233512,75424,0,7.630000,h,0,0 
35698.537200,1,80,233451,75424,0,7.630000,h,0,0 
35959.841700,1,80,233467,75416,0,7.630000,h,0,0 
36222.168900,1,80,233489,75408,0,7.630000,h,0,0 
36484.471700,1,80,233451,75408,0,7.630000,h,0,0 
36746.732200,1,80,233467,75416,0,7.630000,h,0,0 
37008.034800,1,80,233459,75416,0,7.630000,h,0,0 
37536.623600,1,80,233451,75408,0,7.630000,h,0,0 
37798.921800,1,80,233497,75424,0,7.630000,h,0,0 
38061.217900,1,80,233444,75424,0,7.630000,h,0,0 
38585.817000,1,80,233459,75408,0,7.630000,h,0,0 
38848.112800,1,80,233467,75424,0,7.630000,h,0,0 
39109.414800,1,80,233436,75408,0,7.630000,h,0,0 
39371.715400,1,80,233444,75424,0,7.630000,h,0,0 
39634.013100,1,80,233406,75408,0,7.630000,h,0,0 
40162.629300,1,80,233459,75416,0,7.630000,h,0,0 
40424.897200,1,80,233421,75401,0,7.630000,h,0,0 
40687.200200,1,80,233459,75401,0,7.630000,h,0,0 
40948.499200,1,80,233428,75401,0,7.630000,h,0,0 
41210.794800,1,80,233413,75393,0,7.630000,h,0,0 
41473.099800,1,80,233451,75401,0,7.630000,h,0,0 
41735.394100,1,80,233428,75401,0,7.630000,h,0,0 
42525.282200,1,80,233398,75416,0,7.630000,h,0,0 
42787.592800,1,80,233459,75408,0,7.630000,h,0,0 
43049.877700,1,80,233428,75408,0,7.630000,h,0,0 
43574.477700,1,80,233421,75408,0,7.630000,h,0,0 
43835.775500,1,80,233428,75416,0,7.630000,h,0,0 
44626.661400,1,80,233451,75424,0,7.630000,h,0,0 
44888.959700,1,80,233428,75416,0,7.630000,h,0,0 
45151.258900,1,80,233421,75416,0,7.630000,h,0,0 
45413.591600,1,80,233444,75408,0,7.630000,h,0,0 
45675.864300,1,80,233428,75401,0,7.630000,h,0,0 
45937.154800,1,80,233558,75424,0,7.630000,h,0,0 
46199.455100,1,80,233444,75431,0,7.630000,h,0,0 
46461.790400,1,80,233459,75424,0,7.630000,h,0,0 
46727.046700,1,80,233551,75424,0,7.630000,h,0,0 
46989.343100,1,80,233428,75416,0,7.630000,h,0,0 
47251.649300,1,80,233406,75408,0,7.630000,h,0,0 
47513.940800,1,80,233398,75401,0,7.630000,h,0,0 
47776.238700,1,80,233383,75416,0,7.630000,h,0,0 
48038.535500,1,80,233444,75416,0,7.630000,h,0,0 
48563.134200,1,80,233421,75424,0,7.630000,h,0,0 
48828.426700,1,80,233436,75424,0,7.630000,h,0,0 
49090.722700,1,80,233390,75408,0,7.630000,h,0,0 
49353.021100,1,80,233436,75393,0,7.630000,h,0,0 
49615.321800,1,80,233383,75408,0,7.630000,h,0,0 
49877.621300,1,80,233413,75408,0,7.630000,h,0,0 
50139.950500,1,80,233398,75408,0,7.630000,h,0,0 
50402.223000,1,80,233406,75393,0,7.630000,h,0,0 
50663.519100,1,80,233367,75416,0,7.630000,h,0,0 
50925.817100,1,80,233421,75408,0,7.630000,h,0,0 
51192.110000,1,80,233436,75393,0,7.630000,h,0,0 
51454.403400,1,80,233398,75416,0,7.630000,h,0,0 
51716.703300,1,80,233406,75408,0,7.630000,h,0,0 
52240.328300,1,80,233314,75408,0,7.630000,h,0,0 
52502.598700,1,80,233428,75408,0,7.630000,h,0,0 
52765.896500,1,80,233543,75408,0,7.630000,h,0,0 
53027.241900,1,80,233406,75424,0,7.630000,h,0,0 
53289.494600,1,80,233360,75408,0,7.630000,h,0,0 
53554.785800,1,80,233398,75408,0,7.630000,h,0,0 
53817.085500,1,80,233436,75439,0,7.630000,h,0,0 
54079.393300,1,80,233573,75439,0,7.630000,h,0,0 
54341.684500,1,80,233398,75416,0,7.630000,h,0,0 
54866.280500,1,80,233413,75424,0,7.630000,h,0,0 
55656.169100,1,80,233390,75431,0,7.630000,h,0,0 
55918.464700,1,80,233436,75424,0,7.630000,h,0,0 
56180.762700,1,80,233390,75416,0,7.630000,h,0,0 
56443.061700,1,80,233558,75439,0,7.630000,h,0,0 
56705.361000,1,80,233436,75431,0,7.630000,h,0,0 
56966.661200,1,80,233375,75439,0,7.630000,h,0,0 
57228.996300,1,80,233360,75431,0,7.630000,h,0,0 
57492.255600,1,80,233413,75454,0,7.630000,h,0,0 
57753.557200,1,80,233551,75424,0,7.630000,h,0,0 
58019.845600,1,80,233520,75416,0,7.630000,h,0,0 
58282.144100,1,80,233398,75408,0,7.630000,h,0,0 
58544.442300,1,80,233383,75424,0,7.630000,h,0,0 
58805.747000,1,80,233398,75401,0,7.630000,h,0,0 
59068.043600,1,80,233352,75416,0,7.630000,h,0,0 
59330.369300,1,80,233383,75408,0,7.630000,h,0,0 
59592.639700,1,80,233329,75424,0,7.630000,h,0,0 
59854.939000,1,80,233383,75408,0,7.630000,h,0,0 
60116.272600,1,80,233390,75431,0,7.630000,h,0,0 
60382.563100,1,80,233406,75424,0,7.630000,h,0,0 
60644.826900,1,80,233390,75416,0,7.630000,h,0,0 
60907.125800,1,80,233375,75416,0,7.630000,h,0,0 
61169.455500,1,80,233421,75416,0,7.630000,h,0,0 
61431.722800,1,80,233375,75431,0,7.630000,h,0,0 
61694.022500,1,80,233367,75401,0,7.630000,h,0,0 
61956.318400,1,80,233375,75401,0,7.630000,h,0,0 
62217.619800,1,80,233406,75408,0,7.630000,h,0,0 
62483.907200,1,80,233367,75401,0,7.630000,h,0,0 
62746.208100,1,80,233413,75416,0,7.630000,h,0,0 
63008.506300,1,80,233383,75408,0,7.630000,h,0,0 
63273.795000,1,80,233360,75408,0,7.630000,h,0,0 
63533.103000,1,80,233383,75401,0,7.630000,h,0,0 
63795.438700,1,80,233360,75401,0,7.630000,h,0,0 
64057.700200,1,80,233375,75386,0,7.630000,h,0,0 
64319.000500,1,80,233360,75408,0,7.630000,h,0,0 
64581.299100,1,80,233398,75393,0,7.630000,h,0,0 
64846.589900,1,80,233367,75401,0,7.630000,h,0,0 
65371.186400,1,80,233383,75393,0,7.630000,h,0,0 
65634.485500,1,80,233299,75401,0,7.630000,h,0,0 
65896.783400,1,80,233375,75408,0,7.630000,h,0,0 
66158.081100,1,80,233390,75408,0,7.630000,h,0,0 
66420.380700,1,80,233375,75408,0,7.630000,h,0,0 
66682.683300,1,80,233413,75408,0,7.630000,h,0,0 
66943.979100,1,80,233352,75401,0,7.630000,h,0,0 
67210.308100,1,80,233383,75408,0,7.630000,h,0,0 
67472.600400,1,80,233428,75401,0,7.630000,h,0,0 
67734.867100,1,80,233383,75401,0,7.630000,h,0,0 
67997.166700,1,80,233367,75408,0,7.630000,h,0,0 
68259.463000,1,80,233390,75408,0,7.630000,h,0,0 
68521.764700,1,80,233299,75408,0,7.630000,h,0,0 
68783.080200,1,80,233383,75401,0,7.630000,h,0,0 
69045.362000,1,80,233398,75416,0,7.630000,h,0,0 
69310.692300,1,80,233390,75401,0,7.630000,h,0,0 
69573.949800,1,80,233413,75401,0,7.630000,h,0,0 
69836.247600,1,80,233436,75416,0,7.630000,h,0,0 
70097.584900,1,80,233383,75408,0,7.630000,h,0,0 
70359.883900,1,80,233367,75416,0,7.630000,h,0,0 
70622.145100,1,80,233398,75439,0,7.630000,h,0,0 
70884.446400,1,80,233390,75424,0,7.630000,h,0,0 
71146.778200,1,80,233406,75408,0,7.630000,h,0,0 
71409.040500,1,80,233398,75431,0,7.630000,h,0,0 
71674.333000,1,80,233383,75416,0,7.630000,h,0,0 
71937.630300,1,80,233390,75439,0,7.630000,h,0,0 
72198.927300,1,80,233413,75416,0,7.630000,h,0,0 
72461.226600,1,80,233367,75424,0,7.630000,h,0,0 
72723.527600,1,80,233383,75416,0,7.630000,h,0,0 
72985.822400,1,80,233375,75408,0,7.630000,h,0,0 
73250.117600,1,80,233421,75408,0,7.630000,h,0,0 
73510.420800,1,80,233413,75408,0,7.630000,h,0,0 
73775.714600,1,80,233375,75416,0,7.630000,h,0,0 
74038.014200,1,80,233398,75408,0,7.630000,h,0,0 
74300.309500,1,80,233367,75416,0,7.630000,h,0,0 
75109.146300,1,80,233398,75416,0,7.630000,h,0,0 
75348.507500,1,80,233375,75408,0,7.630000,h,0,0 
75611.802400,1,80,233367,75408,0,7.630000,h,0,0 
75875.098700,1,80,233406,75408,0,7.630000,h,0,0 
76139.392000,1,80,233360,75401,0,7.630000,h,0,0 
76401.690700,1,80,233367,75416,0,7.630000,h,0,0 
76926.290300,1,80,233398,75431,0,7.630000,h,0,0 
77187.588700,1,80,233352,75416,0,7.630000,h,0,0 
77449.896500,1,80,233375,75416,0,7.630000,h,0,0 
77712.188500,1,80,233299,75401,0,7.630000,h,0,0 
77974.490000,1,80,233352,75401,0,7.630000,h,0,0 
78235.785700,1,80,233383,75408,0,7.630000,h,0,0 
78502.072400,1,80,233367,75401,0,7.630000,h,0,0 
79027.667300,1,80,233360,75416,0,7.630000,h,0,0 
79288.967900,1,80,233383,75431,0,7.630000,h,0,0 
79813.565600,1,80,233375,75416,0,7.630000,h,0,0 
80074.893500,1,80,233329,75416,0,7.630000,h,0,0 
80337.192300,1,80,233375,75416,0,7.630000,h,0,0 
80599.480000,1,80,233337,75416,0,7.630000,h,0,0 
81128.050800,1,80,233375,75431,0,7.630000,h,0,0 
81390.386700,1,80,233390,75401,0,7.630000,h,0,0 
81651.652200,1,80,233345,75401,0,7.630000,h,0,0 
81914.971200,1,80,233352,75408,0,7.630000,h,0,0 
82176.248200,1,80,233345,75416,0,7.630000,h,0,0 
82449.517000,1,80,233360,75416,0,7.630000,h,0,0 
82700.848200,1,80,233352,75416,0,7.630000,h,0,0 
83228.433200,1,80,233360,75408,0,7.630000,h,0,0 
83490.733300,1,80,233299,75401,0,7.630000,h,0,0 
83754.031300,1,80,233352,75416,0,7.630000,h,0,0 
84015.332200,1,80,233360,75416,0,7.630000,h,0,0 
84277.627500,1,80,233383,75416,0,7.630000,h,0,0 
84540.924000,1,80,233352,75408,0,7.630000,h,0,0 
85063.561300,1,80,233360,75408,0,7.630000,h,0,0 
85329.814800,1,80,233383,75416,0,7.630000,h,0,0 
85592.113300,1,80,233360,75408,0,7.630000,h,0,0 
85854.435500,1,80,233375,75424,0,7.630000,h,0,0 
86379.007700,1,80,233360,75416,0,7.630000,h,0,0 
86641.308000,1,80,233322,75408,0,7.630000,h,0,0 
86902.608900,1,80,233360,75408,0,7.630000,h,0,0 
87164.905600,1,80,233375,75401,0,7.630000,h,0,0 
87427.213700,1,80,233352,75408,0,7.630000,h,0,0 
87692.496800,1,80,233367,75416,0,7.630000,h,0,0 
87955.795200,1,80,233535,75408,0,7.630000,h,0,0 
88218.120300,1,80,233367,75401,0,7.630000,h,0,0 
88480.389600,1,80,233352,75416,0,7.630000,h,0,0 
88742.689200,1,80,233337,75424,0,7.630000,h,0,0 
89003.991400,1,80,233375,75447,0,7.630000,h,0,0 
89266.288300,1,80,233383,75447,0,7.630000,h,0,0 
89528.586200,1,80,233390,75439,0,7.630000,h,0,0 
89790.888200,1,80,233413,75431,0,7.630000,h,0,0 
90318.473500,1,80,233352,75424,0,7.630000,h,0,0 
90843.072500,1,80,233360,75424,0,7.630000,h,0,0 
91105.368200,1,80,233352,75416,0,7.630000,h,0,0 
91367.667400,1,80,233375,75431,0,7.630000,h,0,0 
91891.268700,1,80,233413,75416,0,7.630000,h,0,0 
92157.555200,1,80,233367,75431,0,7.630000,h,0,0 
92419.855500,1,80,233413,75424,0,7.630000,h,0,0 
92682.153200,1,80,233352,75431,0,7.630000,h,0,0 
92944.453700,1,80,233360,75416,0,7.630000,h,0,0 
93209.744600,1,80,233390,75416,0,7.630000,h,0,0 
93468.064800,1,80,233383,75431,0,7.630000,h,0,0 
93730.377600,1,80,233375,75424,0,7.630000,h,0,0 
93992.647700,1,80,233383,75424,0,7.630000,h,0,0 
94521.235700,1,80,233345,75416,0,7.630000,h,0,0 
94783.534700,1,80,233329,75408,0,7.630000,h,0,0 
95045.833200,1,80,233360,75431,0,7.630000,h,0,0 
95307.145100,1,80,233306,75416,0,7.630000,h,0,0 
95570.429500,1,80,233337,75431,0,7.630000,h,0,0 
95831.734100,1,80,233390,75416,0,7.630000,h,0,0 
96094.040900,1,80,233329,75424,0,7.630000,h,0,0 
96621.619200,1,80,233360,75431,0,7.630000,h,0,0 
96883.917500,1,80,233329,75408,0,7.630000,h,0,0 
97147.214100,1,80,233337,75408,0,7.630000,h,0,0 
97408.514300,1,80,233383,75393,0,7.630000,h,0,0 
97670.815200,1,80,233337,75408,0,7.630000,h,0,0 
98194.440300,1,80,233367,75424,0,7.630000,h,0,0 
98456.722200,1,80,233390,75416,0,7.630000,h,0,0 
98719.011600,1,80,233345,75424,0,7.630000,h,0,0 
98985.298800,1,80,233337,75408,0,7.630000,h,0,0 
99247.595000,1,80,233367,75416,0,7.630000,h,0,0 
99509.902000,1,80,233314,75401,0,7.630000,h,0,0 
99772.194300,1,80,233322,75408,0,7.630000,h,0,0 
100033.494400,1,80,233337,75408,0,7.630000,h,0,0 
100295.824500,1,80,233322,75408,0,7.630000,h,0,0 
100558.092600,1,80,233222,75408,0,7.630000,h,0,0 
100821.388300,1,80,233345,75416,0,7.630000,h,0,0 
101082.690400,1,80,233444,75416,0,7.630000,h,0,0 
101348.014000,1,80,233329,75408,0,7.630000,h,0,0 
101610.278100,1,80,233306,75416,0,7.630000,h,0,0 
101872.577200,1,80,233337,75401,0,7.630000,h,0,0 
102135.877500,1,80,233360,75401,0,7.630000,h,0,0 
102397.173900,1,80,233314,75408,0,7.630000,h,0,0 
102659.472800,1,80,233322,75408,0,7.630000,h,0,0 
102921.771100,1,80,233375,75416,0,7.630000,h,0,0 
103184.068000,1,80,233276,75416,0,7.630000,h,0,0 
103449.359500,1,80,233322,75416,0,7.630000,h,0,0 
103974.989700,1,80,233329,75431,0,7.630000,h,0,0 
104498.554000,1,80,233352,75416,0,7.630000,h,0,0 
104760.852900,1,80,233322,75416,0,7.630000,h,0,0 
105023.159200,1,80,233306,75416,0,7.630000,h,0,0 
105284.487300,1,80,233314,75424,0,7.630000,h,0,0 
105546.751800,1,80,233360,75424,0,7.630000,h,0,0 
106075.340500,1,80,233306,75393,0,7.630000,h,0,0 
106337.639400,1,80,233322,75401,0,7.630000,h,0,0 
106599.935200,1,80,233299,75408,0,7.630000,h,0,0 
107123.536400,1,80,233261,75401,0,7.630000,h,0,0 
107385.833900,1,80,233276,75408,0,7.630000,h,0,0 
107648.132500,1,80,233314,75408,0,7.630000,h,0,0 
107910.432600,1,80,233329,75408,0,7.630000,h,0,0 
108175.742400,1,80,233314,75408,0,7.630000,h,0,0 
108438.021200,1,80,233337,75416,0,7.630000,h,0,0 
108700.323900,1,80,233314,75416,0,7.630000,h,0,0 
108962.619600,1,80,233329,75408,0,7.630000,h,0,0 
109224.944100,1,80,233322,75408,0,7.630000,h,0,0 
109749.515400,1,80,233345,75416,0,7.630000,h,0,0 
110011.812800,1,80,233322,75424,0,7.630000,h,0,0 
110539.399800,1,80,233306,75424,0,7.630000,h,0,0 
110801.699700,1,80,233238,75424,0,7.630000,h,0,0 
111063.998900,1,80,233314,75408,0,7.630000,h,0,0 
111326.295300,1,80,233306,75408,0,7.630000,h,0,0 
112112.195200,1,80,233329,75408,0,7.630000,h,0,0 
112374.519700,1,80,233291,75416,0,7.630000,h,0,0 
112639.783600,1,80,233314,75447,0,7.630000,h,0,0 
112903.078900,1,80,233329,75439,0,7.630000,h,0,0 
113165.379600,1,80,233337,75416,0,7.630000,h,0,0 
113426.678300,1,80,233291,75416,0,7.630000,h,0,0 
113703.939000,1,80,233306,75424,0,7.630000,h,0,0 
113951.279800,1,80,233329,75401,0,7.630000,h,0,0 
114213.576100,1,80,233299,75408,0,7.630000,h,0,0 
114475.873400,1,80,233314,75424,0,7.630000,h,0,0 
114741.163100,1,80,233306,75416,0,7.630000,h,0,0 
115003.474900,1,80,233276,75401,0,7.630000,h,0,0 
115265.761900,1,80,233322,75408,0,7.630000,h,0,0 
115528.059600,1,80,233291,75408,0,7.630000,h,0,0 
115790.360500,1,80,233322,75408,0,7.630000,h,0,0 
116052.657600,1,80,233291,75424,0,7.630000,h,0,0 
116314.987700,1,80,233314,75424,0,7.630000,h,0,0 
116576.258800,1,80,233276,75416,0,7.630000,h,0,0 
116838.559100,1,80,233322,75416,0,7.630000,h,0,0 
117104.843600,1,80,233291,75401,0,7.630000,h,0,0 
117367.142500,1,80,233314,75416,0,7.630000,h,0,0 
117891.742000,1,80,233337,75408,0,7.630000,h,0,0 
118153.039800,1,80,233299,75424,0,7.630000,h,0,0 
118415.337700,1,80,233306,75416,0,7.630000,h,0,0 
118939.937100,1,80,233345,75431,0,7.630000,h,0,0 
119202.233200,1,80,233306,75416,0,7.630000,h,0,0 
119467.526000,1,80,233314,75408,0,7.630000,h,0,0 
119729.823800,1,80,233306,75408,0,7.630000,h,0,0 
119992.124200,1,80,233291,75416,0,7.630000,h,0,0 
120254.430100,1,80,233322,75408,0,7.630000,h,0,0 
120516.746300,1,80,233314,75408,0,7.630000,h,0,0 
120779.019900,1,80,233306,75408,0,7.630000,h,0,0 
121056.277800,1,80,233345,75408,0,7.630000,h,0,0 
121302.616000,1,80,233306,75401,0,7.630000,h,0,0 
121568.911100,1,80,233314,75408,0,7.630000,h,0,0 
121831.204500,1,80,233337,75401,0,7.630000,h,0,0 
122093.509700,1,80,233322,75408,0,7.630000,h,0,0 
122355.800600,1,80,233291,75401,0,7.630000,h,0,0 
122880.400500,1,80,233276,75408,0,7.630000,h,0,0 
123142.696900,1,80,233253,75408,0,7.630000,h,0,0 
123403.997000,1,80,233306,75401,0,7.630000,h,0,0 
123666.296400,1,80,233299,75393,0,7.630000,h,0,0 
123932.587900,1,80,233245,75386,0,7.630000,h,0,0 
124194.885800,1,80,233276,75393,0,7.630000,h,0,0 
124718.484300,1,80,233291,75401,0,7.630000,h,0,0 
124980.783200,1,80,233360,75386,0,7.630000,h,0,0 
125243.078500,1,80,233322,75401,0,7.630000,h,0,0 
125505.379200,1,80,233261,75386,0,7.630000,h,0,0 
125767.676800,1,80,233268,75401,0,7.630000,h,0,0 
126032.969400,1,80,233253,75408,0,7.630000,h,0,0 
126296.264500,1,80,233284,75424,0,7.630000,h,0,0 
126557.566500,1,80,233329,75408,0,7.630000,h,0,0 
126820.861000,1,80,233284,75424,0,7.630000,h,0,0 
127082.165400,1,80,233291,75424,0,7.630000,h,0,0 
127344.461600,1,80,233299,75431,0,7.630000,h,0,0 
127606.757900,1,80,233329,75401,0,7.630000,h,0,0 
127869.060300,1,80,233284,75408,0,7.630000,h,0,0 
128131.359000,1,80,233276,75416,0,7.630000,h,0,0 
128396.651600,1,80,233314,75408,0,7.630000,h,0,0 
128658.982400,1,80,233322,75416,0,7.630000,h,0,0 
128921.245100,1,80,233291,75408,0,7.630000,h,0,0 
129183.542900,1,80,233261,75408,0,7.630000,h,0,0 
129444.845200,1,80,233284,75408,0,7.630000,h,0,0 
129708.141000,1,80,233261,75408,0,7.630000,h,0,0 
129969.443600,1,80,233306,75408,0,7.630000,h,0,0 
130231.749300,1,80,233291,75408,0,7.630000,h,0,0 
130497.030200,1,80,233299,75401,0,7.630000,h,0,0 
130760.327600,1,80,233268,75401,0,7.630000,h,0,0 
131024.619700,1,80,233322,75408,0,7.630000,h,0,0 
131284.925000,1,80,233276,75416,0,7.630000,h,0,0 
131546.225100,1,80,233314,75416,0,7.630000,h,0,0 
131808.523600,1,80,233444,75408,0,7.630000,h,0,0 
132070.823300,1,80,233268,75401,0,7.630000,h,0,0 
132595.453700,1,80,233284,75408,0,7.630000,h,0,0 
132860.709100,1,80,233268,75408,0,7.630000,h,0,0 
133385.307500,1,80,233261,75416,0,7.630000,h,0,0 
133647.606800,1,80,233268,75416,0,7.630000,h,0,0 
133909.906200,1,80,233322,75416,0,7.630000,h,0,0 
134172.202600,1,80,233306,75416,0,7.630000,h,0,0 
134434.501600,1,80,233299,75416,0,7.630000,h,0,0 
135224.390000,1,80,233329,75408,0,7.630000,h,0,0 
135486.691300,1,80,233268,75401,0,7.630000,h,0,0 
136011.287700,1,80,233314,75416,0,7.630000,h,0,0 
136273.586200,1,80,233284,75416,0,7.630000,h,0,0 
136534.884200,1,80,233314,75431,0,7.630000,h,0,0 
136797.182600,1,80,233451,75431,0,7.630000,h,0,0 
137059.486000,1,80,233444,75416,0,7.630000,h,0,0 
137325.769400,1,80,233322,75416,0,7.630000,h,0,0 
137588.068600,1,80,233261,75401,0,7.630000,h,0,0 
137850.368700,1,80,233253,75408,0,7.630000,h,0,0 
138111.692100,1,80,233230,75408,0,7.630000,h,0,0 
138373.964800,1,80,233253,75401,0,7.630000,h,0,0 
138636.285700,1,80,233314,75401,0,7.630000,h,0,0 
138898.565400,1,80,233291,75416,0,7.630000,h,0,0 
139160.861700,1,80,233284,75408,0,7.630000,h,0,0 
139422.191600,1,80,233276,75401,0,7.630000,h,0,0 
139950.754700,1,80,233306,75401,0,7.630000,h,0,0 
140213.052300,1,80,233268,75408,0,7.630000,h,0,0 
140475.346900,1,80,233261,75408,0,7.630000,h,0,0 
140737.645300,1,80,233306,75416,0,7.630000,h,0,0 
140999.950000,1,80,233291,75401,0,7.630000,h,0,0 
141262.241900,1,80,233253,75401,0,7.630000,h,0,0 
141523.543800,1,80,233276,75401,0,7.630000,h,0,0 
142052.131700,1,80,233314,75401,0,7.630000,h,0,0 
142314.434900,1,80,233291,75393,0,7.630000,h,0,0 
142576.726500,1,80,233268,75408,0,7.630000,h,0,0 
142839.026100,1,80,233253,75416,0,7.630000,h,0,0 
143101.325400,1,80,233268,75408,0,7.630000,h,0,0 
143362.625700,1,80,233276,75401,0,7.630000,h,0,0 
143624.924900,1,80,233261,75408,0,7.630000,h,0,0 
144152.514000,1,80,233314,75424,0,7.630000,h,0,0 
144415.825400,1,80,233291,75408,0,7.630000,h,0,0 
144677.109400,1,80,233253,75401,0,7.630000,h,0,0 
144939.408400,1,80,233261,75408,0,7.630000,h,0,0 
145464.005000,1,80,233222,75408,0,7.630000,h,0,0 
145726.305600,1,80,233276,75424,0,7.630000,h,0,0 
146253.898300,1,80,233253,75416,0,7.630000,h,0,0 
146778.492300,1,80,233299,75424,0,7.630000,h,0,0 
147040.792900,1,80,233268,75439,0,7.630000,h,0,0 
147303.088800,1,80,233284,75424,0,7.630000,h,0,0 
147565.387600,1,80,233238,75416,0,7.630000,h,0,0 
148616.580700,1,80,233268,75408,0,7.630000,h,0,0 
148879.872900,1,80,233276,75408,0,7.630000,h,0,0 
149142.172300,1,80,233253,75408,0,7.630000,h,0,0 
149404.475800,1,80,233261,75416,0,7.630000,h,0,0 
149928.116900,1,80,233230,75408,0,7.630000,h,0,0 
150190.369400,1,80,233238,75408,0,7.630000,h,0,0 
150452.698200,1,80,233406,75408,0,7.630000,h,0,0 
150714.964700,1,80,233261,75408,0,7.630000,h,0,0 
150980.256000,1,80,233284,75416,0,7.630000,h,0,0 
151242.589100,1,80,233276,75408,0,7.630000,h,0,0 
151504.851600,1,80,233291,75416,0,7.630000,h,0,0 
151767.150800,1,80,233253,75401,0,7.630000,h,0,0 
152029.486300,1,80,233268,75408,0,7.630000,h,0,0 
152291.747500,1,80,233238,75393,0,7.630000,h,0,0 
152815.348400,1,80,233261,75408,0,7.630000,h,0,0 
153081.636600,1,80,233299,75424,0,7.630000,h,0,0 
153343.935400,1,80,233268,75424,0,7.630000,h,0,0 
153606.232600,1,80,233253,75408,0,7.630000,h,0,0 
154130.833300,1,80,233276,75431,0,7.630000,h,0,0 
154393.128600,1,80,233215,75416,0,7.630000,h,0,0 
154654.430900,1,80,233276,75408,0,7.630000,h,0,0 
154916.729400,1,80,233261,75401,0,7.630000,h,0,0 
155179.031700,1,80,233276,75401,0,7.630000,h,0,0 
155445.318000,1,80,233268,75408,0,7.630000,h,0,0 
155706.620400,1,80,233253,75401,0,7.630000,h,0,0 
155969.913100,1,80,233261,75401,0,7.630000,h,0,0 
156231.216300,1,80,233268,75401,0,7.630000,h,0,0 
156493.546900,1,80,233390,75393,0,7.630000,h,0,0 
156755.842800,1,80,233230,75401,0,7.630000,h,0,0 
157018.138000,1,80,233261,75401,0,7.630000,h,0,0 
157280.410800,1,80,233245,75408,0,7.630000,h,0,0 
157545.702000,1,80,233222,75401,0,7.630000,h,0,0 
157807.996100,1,80,233200,75408,0,7.630000,h,0,0 
158070.296200,1,80,233238,75408,0,7.630000,h,0,0 
158594.895700,1,80,233222,75401,0,7.630000,h,0,0 
158875.142900,1,80,233253,75401,0,7.630000,h,0,0 
159119.491700,1,80,233276,75393,0,7.630000,h,0,0 
159382.787200,1,80,233222,75393,0,7.630000,h,0,0 
159643.088400,1,80,233276,75393,0,7.630000,h,0,0 
159909.382400,1,80,233207,75401,0,7.630000,h,0,0 
160171.676200,1,80,233200,75401,0,7.630000,h,0,0 
160433.974200,1,80,233222,75393,0,7.630000,h,0,0 
160696.273700,1,80,233192,75401,0,7.630000,h,0,0 
160958.572200,1,80,233222,75401,0,7.630000,h,0,0 
161220.877400,1,80,233192,75393,0,7.630000,h,0,0 
161482.169800,1,80,233207,75393,0,7.630000,h,0,0 
162009.759800,1,80,233184,75401,0,7.630000,h,0,0 
162273.060600,1,80,233345,75386,0,7.630000,h,0,0 
162535.354800,1,80,233192,75401,0,7.630000,h,0,0 
163069.925100,1,80,233222,75408,0,7.630000,h,0,0 
163583.554000,1,80,233238,75401,0,7.630000,h,0,0 
163845.849800,1,80,233177,75408,0,7.630000,h,0,0 
164108.151400,1,80,233245,75416,0,7.630000,h,0,0 
164373.442500,1,80,233207,75401,0,7.630000,h,0,0 
164635.737700,1,80,233329,75408,0,7.630000,h,0,0 
164898.036500,1,80,233222,75408,0,7.630000,h,0,0 
165160.336500,1,80,233230,75408,0,7.630000,h,0,0 
165422.634400,1,80,233222,75401,0,7.630000,h,0,0 
165684.959200,1,80,233337,75408,0,7.630000,h,0,0 
165947.230900,1,80,233207,75401,0,7.630000,h,0,0 
166209.562500,1,80,233337,75416,0,7.630000,h,0,0 
166474.822200,1,80,233154,75401,0,7.630000,h,0,0 
166737.156800,1,80,233169,75401,0,7.630000,h,0,0 
167524.015100,1,80,233200,75401,0,7.630000,h,0,0 
167785.314400,1,80,233207,75401,0,7.630000,h,0,0 
168048.611500,1,80,233230,75386,0,7.630000,h,0,0 
168309.914100,1,80,233322,75393,0,7.630000,h,0,0 
168575.205500,1,80,233154,75393,0,7.630000,h,0,0 
168837.539000,1,80,233177,75401,0,7.630000,h,0,0 
169108.779900,1,80,233215,75393,0,7.630000,h,0,0 
169362.133500,1,80,233306,75401,0,7.630000,h,0,0 
169624.397700,1,80,233207,75393,0,7.630000,h,0,0 
170148.994900,1,80,233169,75393,0,7.630000,h,0,0 
170411.294900,1,80,233177,75401,0,7.630000,h,0,0 
170673.624800,1,80,233207,75401,0,7.630000,h,0,0 
170938.883200,1,80,233192,75401,0,7.630000,h,0,0 
171201.183900,1,80,233169,75416,0,7.630000,h,0,0 
171464.480500,1,80,233177,75416,0,7.630000,h,0,0 
171725.777700,1,80,233215,75408,0,7.630000,h,0,0 
171988.105000,1,80,233200,75431,0,7.630000,h,0,0 
172251.374100,1,80,233238,75424,0,7.630000,h,0,0 
172512.674200,1,80,233177,75408,0,7.630000,h,0,0 
172774.002100,1,80,233192,75401,0,7.630000,h,0,0 
173302.592400,1,80,233116,75393,0,7.630000,h,0,0 
173564.862300,1,80,233184,75386,0,7.630000,h,0,0 
173827.158700,1,80,233154,75393,0,7.630000,h,0,0 
174613.057700,1,80,233131,75393,0,7.630000,h,0,0 
174875.356300,1,80,233108,75378,0,7.630000,h,0,0 
175137.688800,1,80,233131,75386,0,7.630000,h,0,0 
175402.948100,1,80,233184,75386,0,7.630000,h,0,0 
175665.243200,1,80,233169,75393,0,7.630000,h,0,0 
175927.579300,1,80,233192,75393,0,7.630000,h,0,0 
176189.843900,1,80,233215,75401,0,7.630000,h,0,0 
176452.155100,1,80,233200,75401,0,7.630000,h,0,0 
176714.437400,1,80,233207,75386,0,7.630000,h,0,0 
176976.736100,1,80,233169,75393,0,7.630000,h,0,0 
177500.335800,1,80,233177,75408,0,7.630000,h,0,0 
177766.625600,1,80,233222,75401,0,7.630000,h,0,0 
178028.923600,1,80,233200,75401,0,7.630000,h,0,0 
178291.222100,1,80,233215,75393,0,7.630000,h,0,0 
178553.520300,1,80,233177,75401,0,7.630000,h,0,0 
178815.818600,1,80,233200,75378,0,7.630000,h,0,0 
179078.116200,1,80,233306,75393,0,7.630000,h,0,0 
179340.418500,1,80,233139,75393,0,7.630000,h,0,0 
179601.716000,1,80,233146,75401,0,7.630000,h,0,0 
179864.015700,1,80,233184,75408,0,7.630000,h,0,0 
180130.305300,1,80,233200,75393,0,7.630000,h,0,0 
180392.639600,1,80,233169,75386,0,7.630000,h,0,0 
180654.902400,1,80,233161,75378,0,7.630000,h,0,0 
180916.202500,1,80,233139,75393,0,7.630000,h,0,0 
181178.505200,1,80,233047,75393,0,7.630000,h,0,0 
181441.797000,1,80,233154,75386,0,7.630000,h,0,0 
181703.097700,1,80,233139,75393,0,7.630000,h,0,0 
181965.397300,1,80,233146,75401,0,7.630000,h,0,0 
182230.688000,1,80,233161,75378,0,7.630000,h,0,0 
182492.985900,1,80,233131,75370,0,7.630000,h,0,0 
182755.283800,1,80,233139,75378,0,7.630000,h,0,0 
183017.583200,1,80,233169,75378,0,7.630000,h,0,0 
183542.182500,1,80,233230,75386,0,7.630000,h,0,0 
183804.510600,1,80,233222,75393,0,7.630000,h,0,0 
184066.775900,1,80,233200,75401,0,7.630000,h,0,0 
184328.081300,1,80,233238,75393,0,7.630000,h,0,0 
184594.365500,1,80,233337,75393,0,7.630000,h,0,0 
184856.666100,1,80,233169,75401,0,7.630000,h,0,0 
185118.964500,1,80,233192,75401,0,7.630000,h,0,0 
185904.860000,1,80,233207,75393,0,7.630000,h,0,0 
186168.158800,1,80,233184,75393,0,7.630000,h,0,0 
186429.468500,1,80,233192,75408,0,7.630000,h,0,0 
186695.753300,1,80,233177,75401,0,7.630000,h,0,0 
186958.044400,1,80,233200,75393,0,7.630000,h,0,0 
187220.343400,1,80,233146,75386,0,7.630000,h,0,0 
187482.645100,1,80,233184,75386,0,7.630000,h,0,0 
187743.943300,1,80,233192,75401,0,7.630000,h,0,0 
188268.548700,1,80,233161,75401,0,7.630000,h,0,0 
188530.839400,1,80,233169,75401,0,7.630000,h,0,0 
188793.138800,1,80,233207,75386,0,7.630000,h,0,0 
189058.428000,1,80,233184,75386,0,7.630000,h,0,0 
189320.728000,1,80,233177,75386,0,7.630000,h,0,0 
189584.024400,1,80,233207,75393,0,7.630000,h,0,0 
189845.323600,1,80,233146,75393,0,7.630000,h,0,0 
190107.622500,1,80,233177,75393,0,7.630000,h,0,0 
190369.954700,1,80,233200,75393,0,7.630000,h,0,0 
190632.219000,1,80,233184,75393,0,7.630000,h,0,0 
190893.519900,1,80,233177,75386,0,7.630000,h,0,0 
191159.809800,1,80,233200,75386,0,7.630000,h,0,0 
191422.122000,1,80,233222,75408,0,7.630000,h,0,0 
191684.406600,1,80,233200,75401,0,7.630000,h,0,0 
191946.706600,1,80,233230,75401,0,7.630000,h,0,0 
192209.004600,1,80,233192,75393,0,7.630000,h,0,0 
192470.312800,1,80,233207,75378,0,7.630000,h,0,0 
192732.602800,1,80,233215,75386,0,7.630000,h,0,0 
192994.904100,1,80,233169,75386,0,7.630000,h,0,0 
193257.203700,1,80,233184,75378,0,7.630000,h,0,0 
193523.491800,1,80,233177,75378,0,7.630000,h,0,0 
193785.788300,1,80,233184,75363,0,7.630000,h,0,0 
194047.088300,1,80,233177,75386,0,7.630000,h,0,0 
194309.388000,1,80,233200,75386,0,7.630000,h,0,0 
194571.686600,1,80,233146,75378,0,7.630000,h,0,0 
194833.982300,1,80,233161,75393,0,7.630000,h,0,0 
195096.291000,1,80,233169,75393,0,7.630000,h,0,0 
195358.583900,1,80,233177,75386,0,7.630000,h,0,0 
195623.872100,1,80,233215,75386,0,7.630000,h,0,0 
195886.170000,1,80,233184,75386,0,7.630000,h,0,0 
196148.468300,1,80,233192,75393,0,7.630000,h,0,0 
196673.065800,1,80,233200,75386,0,7.630000,h,0,0 
196935.362900,1,80,233154,75386,0,7.630000,h,0,0 
197197.662300,1,80,233215,75393,0,7.630000,h,0,0 
197458.964200,1,80,233192,75386,0,7.630000,h,0,0 
197722.259100,1,80,233169,75370,0,7.630000,h,0,0 
197987.550100,1,80,233215,75393,0,7.630000,h,0,0 
198257.828900,1,80,233177,75408,0,7.630000,h,0,0 
198512.150300,1,80,233192,75393,0,7.630000,h,0,0 
198774.446700,1,80,233169,75386,0,7.630000,h,0,0 
199036.743500,1,80,233146,75401,0,7.630000,h,0,0 
199299.042900,1,80,233184,75378,0,7.630000,h,0,0 
199561.345600,1,80,233169,75378,0,7.630000,h,0,0 
199822.642000,1,80,233192,75393,0,7.630000,h,0,0 
200087.949200,1,80,233154,75386,0,7.630000,h,0,0 
200350.236500,1,80,233146,75386,0,7.630000,h,0,0 
200874.834600,1,80,233291,75386,0,7.630000,h,0,0 
201137.128500,1,80,233146,75370,0,7.630000,h,0,0 
201661.725000,1,80,233131,75393,0,7.630000,h,0,0 
201924.024400,1,80,233139,75393,0,7.630000,h,0,0 
202186.325800,1,80,233154,75378,0,7.630000,h,0,0 
202451.642000,1,80,233093,75393,0,7.630000,h,0,0 
202713.912100,1,80,233116,75393,0,7.630000,h,0,0 
202976.209700,1,80,233131,75386,0,7.630000,h,0,0 
203763.107900,1,80,233116,75401,0,7.630000,h,0,0 
204024.406900,1,80,233184,75393,0,7.630000,h,0,0 
204286.706600,1,80,233139,75393,0,7.630000,h,0,0 
205077.590000,1,80,233161,75401,0,7.630000,h,0,0 
205339.889400,1,80,233184,75401,0,7.630000,h,0,0 
205602.187400,1,80,233146,75401,0,7.630000,h,0,0 
205863.488300,1,80,233284,75393,0,7.630000,h,0,0 
206125.786000,1,80,233146,75393,0,7.630000,h,0,0 
206388.091700,1,80,233200,75408,0,7.630000,h,0,0 
206650.386400,1,80,233169,75401,0,7.630000,h,0,0 
207177.978700,1,80,233146,75393,0,7.630000,h,0,0 
207441.270900,1,80,233192,75393,0,7.630000,h,0,0 
207702.573200,1,80,233146,75386,0,7.630000,h,0,0 
207964.896600,1,80,233169,75393,0,7.630000,h,0,0 
208227.169100,1,80,233314,75401,0,7.630000,h,0,0 
208489.468000,1,80,233177,75401,0,7.630000,h,0,0 
208751.765700,1,80,233146,75370,0,7.630000,h,0,0 
209017.055300,1,80,233108,75386,0,7.630000,h,0,0 
209279.354400,1,80,233116,75378,0,7.630000,h,0,0 
209541.665100,1,80,233154,75370,0,7.630000,h,0,0 
209803.952600,1,80,233100,75370,0,7.630000,h,0,0 
210066.251000,1,80,233078,75370,0,7.630000,h,0,0 
210328.548100,1,80,233062,75386,0,7.630000,h,0,0 
210589.857800,1,80,233230,75386,0,7.630000,h,0,0 
210852.147000,1,80,233131,75386,0,7.630000,h,0,0 
211114.447500,1,80,233062,75393,0,7.630000,h,0,0 
211380.737300,1,80,233093,75393,0,7.630000,h,0,0 
211643.035900,1,80,233070,75386,0,7.630000,h,0,0 
211905.331300,1,80,233085,75393,0,7.630000,h,0,0 
212166.633700,1,80,233078,75401,0,7.630000,h,0,0 
212428.959800,1,80,233139,75393,0,7.630000,h,0,0 
212692.228800,1,80,233070,75378,0,7.630000,h,0,0 
212953.527900,1,80,233222,75401,0,7.630000,h,0,0 
213215.830100,1,80,233108,75393,0,7.630000,h,0,0 
213481.120000,1,80,233131,75393,0,7.630000,h,0,0 
213744.416100,1,80,233116,75393,0,7.630000,h,0,0 
214005.714700,1,80,233123,75401,0,7.630000,h,0,0 
214268.013800,1,80,233108,75393,0,7.630000,h,0,0 
214530.313400,1,80,233116,75401,0,7.630000,h,0,0 
214818.544200,1,80,233146,75408,0,7.630000,h,0,0 
215054.909700,1,80,233154,75393,0,7.630000,h,0,0 
215317.212100,1,80,233139,75393,0,7.630000,h,0,0 
215579.508400,1,80,233116,75386,0,7.630000,h,0,0 
215844.799100,1,80,233131,75386,0,7.630000,h,0,0 
216107.096100,1,80,233100,75393,0,7.630000,h,0,0 
216369.394800,1,80,233131,75393,0,7.630000,h,0,0 
216631.693600,1,80,233154,75401,0,7.630000,h,0,0 
216893.990300,1,80,233146,75401,0,7.630000,h,0,0 
217155.325600,1,80,233169,75401,0,7.630000,h,0,0 
217417.594700,1,80,233139,75393,0,7.630000,h,0,0 
217679.897000,1,80,233093,75386,0,7.630000,h,0,0 
217945.856900,1,80,233131,75386,0,7.630000,h,0,0 
218208.159200,1,80,233215,75393,0,7.630000,h,0,0 
218470.452500,1,80,233131,75401,0,7.630000,h,0,0 
218732.753700,1,80,233139,75416,0,7.630000,h,0,0 
218995.048900,1,80,233154,75401,0,7.630000,h,0,0 
219257.348100,1,80,233146,75393,0,7.630000,h,0,0 
219519.650200,1,80,233169,75386,0,7.630000,h,0,0 
219781.945600,1,80,233154,75393,0,7.630000,h,0,0 
220043.247700,1,80,233306,75393,0,7.630000,h,0,0 
220309.535300,1,80,233154,75393,0,7.630000,h,0,0 
220571.831700,1,80,233139,75393,0,7.630000,h,0,0 
221095.432200,1,80,233154,75401,0,7.630000,h,0,0 
221357.732400,1,80,233161,75408,0,7.630000,h,0,0 
221620.031500,1,80,233116,75393,0,7.630000,h,0,0 
221882.357100,1,80,233184,75401,0,7.630000,h,0,0 
222144.631700,1,80,233161,75408,0,7.630000,h,0,0 
222409.918500,1,80,233268,75401,0,7.630000,h,0,0 
222672.218800,1,80,233108,75393,0,7.630000,h,0,0 
222934.519700,1,80,233139,75393,0,7.630000,h,0,0 
223459.111400,1,80,233169,75393,0,7.630000,h,0,0 
223721.414400,1,80,233154,75401,0,7.630000,h,0,0 
223983.736000,1,80,233146,75401,0,7.630000,h,0,0 
224246.008200,1,80,233131,75401,0,7.630000,h,0,0 
224507.328400,1,80,233108,75393,0,7.630000,h,0,0 
224773.600000,1,80,233238,75393,0,7.630000,h,0,0 
225035.899600,1,80,233123,75408,0,7.630000,h,0,0 
225298.221200,1,80,233139,75386,0,7.630000,h,0,0 
225560.494400,1,80,233100,75386,0,7.630000,h,0,0 
225822.793500,1,80,233177,75401,0,7.630000,h,0,0 
226084.093100,1,80,233161,75401,0,7.630000,h,0,0 
226346.390600,1,80,233146,75401,0,7.630000,h,0,0 
226874.980000,1,80,233139,75408,0,7.630000,h,0,0 
227137.277300,1,80,233284,75401,0,7.630000,h,0,0 
227399.575200,1,80,233169,75401,0,7.630000,h,0,0 
227661.875300,1,80,233131,75401,0,7.630000,h,0,0 
227923.175600,1,80,233093,75401,0,7.630000,h,0,0 
228185.472400,1,80,233123,75401,0,7.630000,h,0,0 
228710.071100,1,80,233146,75401,0,7.630000,h,0,0 
228975.360900,1,80,233161,75401,0,7.630000,h,0,0 
229237.658700,1,80,233123,75401,0,7.630000,h,0,0 
229499.959000,1,80,233146,75393,0,7.630000,h,0,0 
229763.259300,1,80,233177,75401,0,7.630000,h,0,0 
230024.554400,1,80,233131,75401,0,7.630000,h,0,0 
230286.853800,1,80,233146,75393,0,7.630000,h,0,0 
230549.162300,1,80,233131,75393,0,7.630000,h,0,0 
230811.450900,1,80,233108,75401,0,7.630000,h,0,0 
231072.751700,1,80,233123,75401,0,7.630000,h,0,0 
231339.044700,1,80,233108,75401,0,7.630000,h,0,0 
231863.640000,1,80,233100,75408,0,7.630000,h,0,0 
232125.935000,1,80,233169,75416,0,7.630000,h,0,0 
232388.268800,1,80,233161,75408,0,7.630000,h,0,0 
232650.566900,1,80,233100,75408,0,7.630000,h,0,0 
232912.834800,1,80,233131,75408,0,7.630000,h,0,0 
233174.133700,1,80,233116,75408,0,7.630000,h,0,0 
233439.426500,1,80,233123,75416,0,7.630000,h,0,0 
233702.720500,1,80,233161,75408,0,7.630000,h,0,0 
233965.017100,1,80,233123,75401,0,7.630000,h,0,0 
234226.378800,1,80,233108,75393,0,7.630000,h,0,0 
234751.915800,1,80,233139,75408,0,7.630000,h,0,0 
235013.213000,1,80,233116,75424,0,7.630000,h,0,0 
235300.446500,1,80,233123,75416,0,7.630000,h,0,0 
235537.821500,1,80,233177,75416,0,7.630000,h,0,0 
235803.114400,1,80,233131,75401,0,7.630000,h,0,0 
236065.400500,1,80,233100,75408,0,7.630000,h,0,0 
236327.699000,1,80,233070,75401,0,7.630000,h,0,0 
236589.999100,1,80,233261,75401,0,7.630000,h,0,0 
236852.299300,1,80,233093,75393,0,7.630000,h,0,0 
237114.619500,1,80,233100,75378,0,7.630000,h,0,0 
237376.894000,1,80,233032,75393,0,7.630000,h,0,0 
237638.196200,1,80,233085,75401,0,7.630000,h,0,0 
237904.483500,1,80,233093,75401,0,7.630000,h,0,0 
238166.781200,1,80,233047,75401,0,7.630000,h,0,0 
238429.084500,1,80,233093,75401,0,7.630000,h,0,0 
238691.382300,1,80,233131,75393,0,7.630000,h,0,0 
238953.680900,1,80,233093,75386,0,7.630000,h,0,0 
239214.979500,1,80,233055,75370,0,7.630000,h,0,0 
239739.576000,1,80,233070,75401,0,7.630000,h,0,0 
240001.876000,1,80,233093,75393,0,7.630000,h,0,0 
240267.164300,1,80,233085,75386,0,7.630000,h,0,0 
240530.462100,1,80,233032,75393,0,7.630000,h,0,0 
240792.758600,1,80,233047,75378,0,7.630000,h,0,0 
241055.057600,1,80,233078,75378,0,7.630000,h,0,0 
241316.360000,1,80,233070,75363,0,7.630000,h,0,0 
241579.654400,1,80,233055,75363,0,7.630000,h,0,0 
241840.958500,1,80,233062,75370,0,7.630000,h,0,0 
242103.253100,1,80,233039,75370,0,7.630000,h,0,0 
242364.556900,1,80,233116,75386,0,7.630000,h,0,0 
242640.818800,1,80,233062,75393,0,7.630000,h,0,0 
242894.140600,1,80,233093,75370,0,7.630000,h,0,0 
243155.440500,1,80,233085,75370,0,7.630000,h,0,0 
243417.740200,1,80,233055,75386,0,7.630000,h,0,0 
243680.040700,1,80,233078,75393,0,7.630000,h,0,0 
243942.337800,1,80,233055,75378,0,7.630000,h,0,0 
244203.639200,1,80,233062,75378,0,7.630000,h,0,0 
244466.934100,1,80,233100,75386,0,7.630000,h,0,0 
244732.224200,1,80,233070,75393,0,7.630000,h,0,0 
244994.524400,1,80,233123,75393,0,7.630000,h,0,0 
245256.853000,1,80,233100,75393,0,7.630000,h,0,0 
245519.154500,1,80,233215,75378,0,7.630000,h,0,0 
245781.420800,1,80,233093,75370,0,7.630000,h,0,0 
246042.728400,1,80,233085,75370,0,7.630000,h,0,0 
246305.020700,1,80,233070,75386,0,7.630000,h,0,0 
246567.319900,1,80,233108,75386,0,7.630000,h,0,0 
246829.616100,1,80,233047,75393,0,7.630000,h,0,0 
247095.906100,1,80,233078,75393,0,7.630000,h,0,0 
247358.230400,1,80,233207,75393,0,7.630000,h,0,0 
247620.502100,1,80,233108,75401,0,7.630000,h,0,0 
247881.802900,1,80,233116,75393,0,7.630000,h,0,0 
248145.098000,1,80,233093,75401,0,7.630000,h,0,0 
248406.432700,1,80,233085,75386,0,7.630000,h,0,0 
248668.698300,1,80,233039,75370,0,7.630000,h,0,0 
248930.998800,1,80,233032,75386,0,7.630000,h,0,0 
249196.291600,1,80,233070,75378,0,7.630000,h,0,0 
249458.586900,1,80,233024,75386,0,7.630000,h,0,0 
249720.895800,1,80,233222,75370,0,7.630000,h,0,0 
249983.184200,1,80,233078,75386,0,7.630000,h,0,0 
250245.482000,1,80,233039,75386,0,7.630000,h,0,0 
250507.778600,1,80,233055,75393,0,7.630000,h,0,0 
251032.376900,1,80,233062,75386,0,7.630000,h,0,0 
251297.692300,1,80,233024,75401,0,7.630000,h,0,0 
251559.965200,1,80,233047,75393,0,7.630000,h,0,0 
251822.267000,1,80,233093,75401,0,7.630000,h,0,0 
252084.563700,1,80,233116,75393,0,7.630000,h,0,0 
252345.864500,1,80,233238,75401,0,7.630000,h,0,0 
252608.163300,1,80,233024,75386,0,7.630000,h,0,0 
252870.462700,1,80,233047,75370,0,7.630000,h,0,0 
253132.759300,1,80,233070,75393,0,7.630000,h,0,0 
253395.063400,1,80,233085,75401,0,7.630000,h,0,0 
253660.349400,1,80,233070,75393,0,7.630000,h,0,0 
253935.615500,1,80,233085,75386,0,7.630000,h,0,0 
254185.943400,1,80,233062,75393,0,7.630000,h,0,0 
254447.245800,1,80,233131,75401,0,7.630000,h,0,0 
254709.546100,1,80,233108,75401,0,7.630000,h,0,0 
254971.843200,1,80,233093,75401,0,7.630000,h,0,0 
255234.140000,1,80,233123,75393,0,7.630000,h,0,0 
255496.466700,1,80,233070,75378,0,7.630000,h,0,0 
255758.738200,1,80,233123,75393,0,7.630000,h,0,0 
256024.034700,1,80,233093,75416,0,7.630000,h,0,0 
256286.329400,1,80,233146,75401,0,7.630000,h,0,0 
256548.627300,1,80,233093,75393,0,7.630000,h,0,0 
256810.924500,1,80,233123,75401,0,7.630000,h,0,0 
257073.225700,1,80,233146,75401,0,7.630000,h,0,0 
257335.521900,1,80,233108,75401,0,7.630000,h,0,0 
257597.819700,1,80,233200,75393,0,7.630000,h,0,0 
257859.122300,1,80,233131,75401,0,7.630000,h,0,0 
258125.410600,1,80,233100,75401,0,7.630000,h,0,0 
258387.708500,1,80,233093,75393,0,7.630000,h,0,0 
258650.011100,1,80,233055,75401,0,7.630000,h,0,0 
258912.306900,1,80,233116,75408,0,7.630000,h,0,0 
259435.905100,1,80,233123,75408,0,7.630000,h,0,0 
259699.200400,1,80,233100,75416,0,7.630000,h,0,0 
259960.502100,1,80,233085,75416,0,7.630000,h,0,0 
260225.795600,1,80,233093,75416,0,7.630000,h,0,0 
260488.091000,1,80,233055,75416,0,7.630000,h,0,0 
260751.387700,1,80,233070,75424,0,7.630000,h,0,0 
261013.688900,1,80,233139,75431,0,7.630000,h,0,0 
261279.973200,1,80,233108,75416,0,7.630000,h,0,0 
261537.283700,1,80,233123,75431,0,7.630000,h,0,0 
261799.598900,1,80,233146,75401,0,7.630000,h,0,0 
262061.883900,1,80,233116,75401,0,7.630000,h,0,0 
262323.182800,1,80,233093,75393,0,7.630000,h,0,0 
262589.471300,1,80,233100,75393,0,7.630000,h,0,0 
263114.070800,1,80,233062,75401,0,7.630000,h,0,0 
263376.366400,1,80,233093,75401,0,7.630000,h,0,0 
263638.667900,1,80,233085,75408,0,7.630000,h,0,0 
263900.981800,1,80,233062,75401,0,7.630000,h,0,0 
264162.266400,1,80,233047,75386,0,7.630000,h,0,0 
264424.565300,1,80,233108,75401,0,7.630000,h,0,0 
264686.864200,1,80,233070,75393,0,7.630000,h,0,0 
264953.153800,1,80,233100,75393,0,7.630000,h,0,0 
265215.449900,1,80,233078,75401,0,7.630000,h,0,0 
265740.048500,1,80,233093,75401,0,7.630000,h,0,0 
266001.350900,1,80,233085,75401,0,7.630000,h,0,0 
266263.647600,1,80,233078,75386,0,7.630000,h,0,0 
266525.945300,1,80,233207,75401,0,7.630000,h,0,0 
266788.245100,1,80,233062,75401,0,7.630000,h,0,0 
267053.534400,1,80,233078,75363,0,7.630000,h,0,0 
267315.832200,1,80,233032,75370,0,7.630000,h,0,0 
267578.131000,1,80,233055,75386,0,7.630000,h,0,0 
267841.484100,1,80,233093,75401,0,7.630000,h,0,0 
268102.728900,1,80,233100,75401,0,7.630000,h,0,0 
268365.054300,1,80,233123,75401,0,7.630000,h,0,0 
268627.326300,1,80,233093,75393,0,7.630000,h,0,0 
268889.623300,1,80,233238,75401,0,7.630000,h,0,0 
269154.917000,1,80,233093,75393,0,7.630000,h,0,0 
269417.218500,1,80,233062,75401,0,7.630000,h,0,0 
269679.511400,1,80,233131,75416,0,7.630000,h,0,0 
269941.811400,1,80,233116,75408,0,7.630000,h,0,0 
270204.108700,1,80,233131,75416,0,7.630000,h,0,0 
270466.421500,1,80,233093,75401,0,7.630000,h,0,0 
270750.647800,1,80,233100,75386,0,7.630000,h,0,0 
270990.009300,1,80,233062,75401,0,7.630000,h,0,0 
271252.307500,1,80,233078,75393,0,7.630000,h,0,0 
271518.594100,1,80,233032,75408,0,7.630000,h,0,0 
271780.892900,1,80,233070,75401,0,7.630000,h,0,0 
272043.193400,1,80,233032,75393,0,7.630000,h,0,0 
272305.490600,1,80,233215,75401,0,7.630000,h,0,0 
272566.790900,1,80,233062,75393,0,7.630000,h,0,0 
272830.086200,1,80,233078,75401,0,7.630000,h,0,0 
273091.388200,1,80,233047,75393,0,7.630000,h,0,0 
273618.976400,1,80,233230,75408,0,7.630000,h,0,0 
273881.276500,1,80,233070,75408,0,7.630000,h,0,0 
274405.872300,1,80,233055,75393,0,7.630000,h,0,0 
274668.172700,1,80,233047,75393,0,7.630000,h,0,0 
275192.768900,1,80,233070,75393,0,7.630000,h,0,0 
275455.067200,1,80,233024,75386,0,7.630000,h,0,0 
275716.368300,1,80,233047,75401,0,7.630000,h,0,0 
275982.658600,1,80,233169,75401,0,7.630000,h,0,0 
276244.956100,1,80,233100,75386,0,7.630000,h,0,0 
276507.259100,1,80,233039,75401,0,7.630000,h,0,0 
276769.552000,1,80,233100,75386,0,7.630000,h,0,0 
277031.875900,1,80,233062,75393,0,7.630000,h,0,0 
277293.179900,1,80,233039,75393,0,7.630000,h,0,0 
277555.477100,1,80,233047,75393,0,7.630000,h,0,0 
278080.048200,1,80,233039,75401,0,7.630000,h,0,0 
278346.334600,1,80,233070,75370,0,7.630000,h,0,0 
278607.637200,1,80,233024,75370,0,7.630000,h,0,0 
278870.934300,1,80,233039,75378,0,7.630000,h,0,0 
279132.236500,1,80,233093,75393,0,7.630000,h,0,0 
279394.558800,1,80,233055,75386,0,7.630000,h,0,0 
279656.831300,1,80,233047,75393,0,7.630000,h,0,0 
280181.430200,1,80,233032,75401,0,7.630000,h,0,0 
280709.017900,1,80,233070,75401,0,7.630000,h,0,0 
280971.332600,1,80,233108,75393,0,7.630000,h,0,0 
281233.623800,1,80,233062,75386,0,7.630000,h,0,0 
281495.937600,1,80,233047,75393,0,7.630000,h,0,0 
282020.545400,1,80,233070,75386,0,7.630000,h,0,0 
282281.845300,1,80,233047,75393,0,7.630000,h,0,0 
282544.134500,1,80,232994,75393,0,7.630000,h,0,0 
282810.399400,1,80,233009,75401,0,7.630000,h,0,0 
283072.745700,1,80,233047,75386,0,7.630000,h,0,0 
283334.998600,1,80,233078,75393,0,7.630000,h,0,0 
283605.275700,1,80,233055,75393,0,7.630000,h,0,0 
283859.594200,1,80,233032,75370,0,7.630000,h,0,0 
284121.910100,1,80,233062,75378,0,7.630000,h,0,0 
284383.192400,1,80,233032,75393,0,7.630000,h,0,0 
284645.490100,1,80,233039,75393,0,7.630000,h,0,0 
284907.789100,1,80,233169,75393,0,7.630000,h,0,0 
285173.082400,1,80,233062,75393,0,7.630000,h,0,0 
285435.383700,1,80,233085,75393,0,7.630000,h,0,0 
285697.740600,1,80,233047,75393,0,7.630000,h,0,0 
285960.010200,1,80,233215,75401,0,7.630000,h,0,0 
286223.271500,1,80,233062,75393,0,7.630000,h,0,0 
286484.571900,1,80,233078,75393,0,7.630000,h,0,0 
286746.871400,1,80,233016,75378,0,7.630000,h,0,0 
287009.172700,1,80,233078,75370,0,7.630000,h,0,0 
287274.465200,1,80,233047,75393,0,7.630000,h,0,0 
287536.758000,1,80,233032,75370,0,7.630000,h,0,0 
287799.057100,1,80,233047,75401,0,7.630000,h,0,0 
288061.357700,1,80,233024,75401,0,7.630000,h,0,0 
288323.654200,1,80,233009,75378,0,7.630000,h,0,0 
288848.250700,1,80,233032,75386,0,7.630000,h,0,0 
289110.550100,1,80,232986,75386,0,7.630000,h,0,0 
289372.848800,1,80,233047,75378,0,7.630000,h,0,0 
289638.138800,1,80,233016,75393,0,7.630000,h,0,0 
289900.437600,1,80,232994,75386,0,7.630000,h,0,0 
290162.739100,1,80,232986,75401,0,7.630000,h,0,0 
290424.036900,1,80,233070,75401,0,7.630000,h,0,0 
290686.337200,1,80,233062,75401,0,7.630000,h,0,0 
291210.934300,1,80,233055,75386,0,7.630000,h,0,0 
291473.234500,1,80,233016,75393,0,7.630000,h,0,0 
291738.522200,1,80,233078,75393,0,7.630000,h,0,0 
292001.819900,1,80,233039,75401,0,7.630000,h,0,0 
292264.118600,1,80,233055,75401,0,7.630000,h,0,0 
292525.422700,1,80,233016,75386,0,7.630000,h,0,0 
292787.716700,1,80,233024,75401,0,7.630000,h,0,0 
293050.018200,1,80,233016,75393,0,7.630000,h,0,0 
293312.314000,1,80,233039,75408,0,7.630000,h,0,0 
293574.646500,1,80,233047,75408,0,7.630000,h,0,0 
293835.914900,1,80,233032,75408,0,7.630000,h,0,0 
294102.204100,1,80,233016,75401,0,7.630000,h,0,0 
294364.505600,1,80,233009,75393,0,7.630000,h,0,0 
294626.799700,1,80,232986,75408,0,7.630000,h,0,0 
294889.097200,1,80,233070,75401,0,7.630000,h,0,0 
295151.428600,1,80,233093,75401,0,7.630000,h,0,0 
295413.694300,1,80,233062,75393,0,7.630000,h,0,0 
295674.997700,1,80,233093,75408,0,7.630000,h,0,0 
295937.296900,1,80,233192,75401,0,7.630000,h,0,0 
296203.585600,1,80,233078,75401,0,7.630000,h,0,0 
296465.882400,1,80,233047,75408,0,7.630000,h,0,0 
296728.178900,1,80,233055,75401,0,7.630000,h,0,0 
296990.477900,1,80,233039,75401,0,7.630000,h,0,0 
297251.781600,1,80,233001,75401,0,7.630000,h,0,0 
297522.057700,1,80,233039,75408,0,7.630000,h,0,0 
297776.377400,1,80,233200,75408,0,7.630000,h,0,0 
298038.676900,1,80,233062,75408,0,7.630000,h,0,0 
298300.974500,1,80,232986,75393,0,7.630000,h,0,0 
298566.263800,1,80,233039,75393,0,7.630000,h,0,0 
298828.561800,1,80,232978,75393,0,7.630000,h,0,0 
299091.874600,1,80,233009,75401,0,7.630000,h,0,0 
299353.162400,1,80,233062,75393,0,7.630000,h,0,0 
299877.757400,1,80,233070,75401,0,7.630000,h,0,0 
300140.058200,1,80,233169,75408,0,7.630000,h,0,0 
300401.357100,1,80,233062,75386,0,7.630000,h,0,0 
300667.645300,1,80,233032,75386,0,7.630000,h,0,0 
300929.943700,1,80,233047,75386,0,7.630000,h,0,0 
301193.241900,1,80,233009,75378,0,7.630000,h,0,0 
301454.543700,1,80,232955,75386,0,7.630000,h,0,0 
301716.871700,1,80,233055,75401,0,7.630000,h,0,0 
301979.139300,1,80,233039,75408,0,7.630000,h,0,0 
302240.438800,1,80,233070,75416,0,7.630000,h,0,0 
302502.736000,1,80,233039,75386,0,7.630000,h,0,0 
302765.036500,1,80,233024,75386,0,7.630000,h,0,0 
303031.325000,1,80,233009,75386,0,7.630000,h,0,0 
303293.625300,1,80,233062,75386,0,7.630000,h,0,0 
303555.035500,1,80,233055,75401,0,7.630000,h,0,0 
304092.487100,1,80,233039,75408,0,7.630000,h,0,0 
304342.831000,1,80,233016,75408,0,7.630000,h,0,0 
304604.117100,1,80,233032,75401,0,7.630000,h,0,0 
304866.415800,1,80,233070,75408,0,7.630000,h,0,0 
305128.722500,1,80,233032,75401,0,7.630000,h,0,0 
305394.006400,1,80,233047,75393,0,7.630000,h,0,0 
305656.303900,1,80,233001,75393,0,7.630000,h,0,0 
305918.617400,1,80,233070,75401,0,7.630000,h,0,0 
306180.916100,1,80,233039,75393,0,7.630000,h,0,0 
306705.530900,1,80,233070,75401,0,7.630000,h,0,0 
306966.802900,1,80,233032,75393,0,7.630000,h,0,0 
307229.098300,1,80,233047,75401,0,7.630000,h,0,0 
307495.387800,1,80,233055,75401,0,7.630000,h,0,0 
307757.694100,1,80,233032,75393,0,7.630000,h,0,0 
308019.984200,1,80,233009,75378,0,7.630000,h,0,0 
308282.284400,1,80,232994,75393,0,7.630000,h,0,0 
308544.581100,1,80,232971,75401,0,7.630000,h,0,0 
308805.881800,1,80,233016,75393,0,7.630000,h,0,0 
309069.215600,1,80,232978,75386,0,7.630000,h,0,0 
309330.480300,1,80,233016,75393,0,7.630000,h,0,0 
309592.776000,1,80,233024,75393,0,7.630000,h,0,0 
309858.073400,1,80,233016,75393,0,7.630000,h,0,0 
310120.387200,1,80,233032,75401,0,7.630000,h,0,0 
310383.670200,1,80,233047,75393,0,7.630000,h,0,0 
310644.969100,1,80,233024,75401,0,7.630000,h,0,0 
311169.564600,1,80,233016,75386,0,7.630000,h,0,0 
311431.862800,1,80,232963,75401,0,7.630000,h,0,0 
311694.159500,1,80,233085,75401,0,7.630000,h,0,0 
311955.461100,1,80,233039,75401,0,7.630000,h,0,0 
312221.749600,1,80,233024,75408,0,7.630000,h,0,0 
312484.046300,1,80,233016,75393,0,7.630000,h,0,0 
312746.345600,1,80,233039,75393,0,7.630000,h,0,0 
313008.643600,1,80,233070,75393,0,7.630000,h,0,0 
313272.938800,1,80,233131,75401,0,7.630000,h,0,0 
313537.231600,1,80,233024,75386,0,7.630000,h,0,0 
313794.569500,1,80,233009,75393,0,7.630000,h,0,0 
314056.842600,1,80,233024,75386,0,7.630000,h,0,0 
314323.131100,1,80,233032,75401,0,7.630000,h,0,0 
314585.425700,1,80,233039,75401,0,7.630000,h,0,0 
314847.725100,1,80,233047,75401,0,7.630000,h,0,0 
315110.024700,1,80,233024,75378,0,7.630000,h,0,0 
315382.296400,1,80,232978,75401,0,7.630000,h,0,0 
315633.622000,1,80,233039,75401,0,7.630000,h,0,0 
315895.922500,1,80,233024,75401,0,7.630000,h,0,0 
316158.224200,1,80,233009,75408,0,7.630000,h,0,0 
316685.812900,1,80,232994,75393,0,7.630000,h,0,0 
316948.108500,1,80,232978,75378,0,7.630000,h,0,0 
317210.408100,1,80,233024,75393,0,7.630000,h,0,0 
317472.708300,1,80,233009,75401,0,7.630000,h,0,0 
317735.005200,1,80,233016,75393,0,7.630000,h,0,0 
317997.303800,1,80,232948,75393,0,7.630000,h,0,0 
318259.603000,1,80,232994,75401,0,7.630000,h,0,0 
318521.913200,1,80,233009,75401,0,7.630000,h,0,0 
319049.488800,1,80,232978,75378,0,7.630000,h,0,0 
319311.789000,1,80,233024,75386,0,7.630000,h,0,0 
319574.086700,1,80,232963,75386,0,7.630000,h,0,0 
319836.383300,1,80,232955,75370,0,7.630000,h,0,0 
320098.691700,1,80,232978,75370,0,7.630000,h,0,0 
320360.988200,1,80,232887,75363,0,7.630000,h,0,0 
320622.317200,1,80,232963,75378,0,7.630000,h,0,0 
320884.582200,1,80,232986,75363,0,7.630000,h,0,0 
321150.869700,1,80,232978,75370,0,7.630000,h,0,0 
321675.466700,1,80,233016,75393,0,7.630000,h,0,0 
321936.767700,1,80,232978,75370,0,7.630000,h,0,0 
322200.070400,1,80,232971,75378,0,7.630000,h,0,0 
322461.366400,1,80,232955,75386,0,7.630000,h,0,0 
322723.662800,1,80,232994,75401,0,7.630000,h,0,0 
323248.261400,1,80,233085,75378,0,7.630000,h,0,0 
323513.551500,1,80,232963,75378,0,7.630000,h,0,0 
323775.850000,1,80,233139,75401,0,7.630000,h,0,0 
324038.183400,1,80,233001,75386,0,7.630000,h,0,0 
324300.448400,1,80,232940,75386,0,7.630000,h,0,0 
324562.746900,1,80,232971,75378,0,7.630000,h,0,0 
324825.044400,1,80,232994,75393,0,7.630000,h,0,0 
325087.343500,1,80,232978,75401,0,7.630000,h,0,0 
325349.642300,1,80,233039,75408,0,7.630000,h,0,0 
325614.931600,1,80,233001,75401,0,7.630000,h,0,0 
325877.230600,1,80,233009,75401,0,7.630000,h,0,0 
326139.529300,1,80,232978,75393,0,7.630000,h,0,0 
326401.830000,1,80,232971,75401,0,7.630000,h,0,0 
326664.127100,1,80,233016,75393,0,7.630000,h,0,0 
326944.378300,1,80,233093,75401,0,7.630000,h,0,0 
327187.726400,1,80,233032,75401,0,7.630000,h,0,0 
327450.023500,1,80,233062,75416,0,7.630000,h,0,0 
327712.350200,1,80,233192,75408,0,7.630000,h,0,0 
327977.614000,1,80,233009,75416,0,7.630000,h,0,0 
328240.910700,1,80,233016,75401,0,7.630000,h,0,0 
328503.209300,1,80,233062,75393,0,7.630000,h,0,0 
328764.509100,1,80,232994,75393,0,7.630000,h,0,0 
329026.808600,1,80,232963,75393,0,7.630000,h,0,0 
329290.106900,1,80,233016,75401,0,7.630000,h,0,0 
329551.406600,1,80,233039,75393,0,7.630000,h,0,0 
329813.703900,1,80,233032,75393,0,7.630000,h,0,0 
330076.002000,1,80,233184,75416,0,7.630000,h,0,0 
330341.295300,1,80,233093,75416,0,7.630000,h,0,0 
330604.590700,1,80,232994,75401,0,7.630000,h,0,0 
330865.891100,1,80,233039,75416,0,7.630000,h,0,0 
331128.246500,1,80,233055,75408,0,7.630000,h,0,0 
331390.490200,1,80,233001,75408,0,7.630000,h,0,0 
331651.788700,1,80,232994,75424,0,7.630000,h,0,0 
331914.087400,1,80,233009,75416,0,7.630000,h,0,0 
332176.412800,1,80,233016,75416,0,7.630000,h,0,0 
332442.674900,1,80,232978,75416,0,7.630000,h,0,0 
332704.973300,1,80,232994,75401,0,7.630000,h,0,0 
332967.270200,1,80,233001,75401,0,7.630000,h,0,0 
333229.570500,1,80,233116,75408,0,7.630000,h,0,0 
333491.869700,1,80,233047,75408,0,7.630000,h,0,0 
333753.167500,1,80,232994,75401,0,7.630000,h,0,0 
334015.468900,1,80,232955,75401,0,7.630000,h,0,0 
334277.791400,1,80,233024,75393,0,7.630000,h,0,0 
334540.065000,1,80,232994,75393,0,7.630000,h,0,0 
334805.356000,1,80,233009,75401,0,7.630000,h,0,0 
335067.654100,1,80,232955,75401,0,7.630000,h,0,0 
335330.950800,1,80,233009,75401,0,7.630000,h,0,0 
335592.252600,1,80,233039,75401,0,7.630000,h,0,0 
335854.550200,1,80,233032,75401,0,7.630000,h,0,0 
336117.845200,1,80,233055,75401,0,7.630000,h,0,0 
336379.146900,1,80,233009,75408,0,7.630000,h,0,0 
336641.445000,1,80,233055,75416,0,7.630000,h,0,0 
336906.757600,1,80,233016,75401,0,7.630000,h,0,0 
337169.035400,1,80,233047,75416,0,7.630000,h,0,0 
337431.336900,1,80,233161,75408,0,7.630000,h,0,0 
337693.671300,1,80,233032,75408,0,7.630000,h,0,0 
337955.929100,1,80,233001,75401,0,7.630000,h,0,0 
338218.231700,1,80,233009,75408,0,7.630000,h,0,0 
338480.528000,1,80,232986,75424,0,7.630000,h,0,0 
338741.828300,1,80,232978,75408,0,7.630000,h,0,0 
339004.127100,1,80,232971,75393,0,7.630000,h,0,0 
339270.414400,1,80,232955,75393,0,7.630000,h,0,0 
339532.717100,1,80,233009,75393,0,7.630000,h,0,0 
339795.012300,1,80,233116,75393,0,7.630000,h,0,0 
340056.313700,1,80,232994,75401,0,7.630000,h,0,0 
340318.613200,1,80,232971,75401,0,7.630000,h,0,0 
340581.908800,1,80,232963,75393,0,7.630000,h,0,0 
340843.209700,1,80,232955,75393,0,7.630000,h,0,0 
341370.800900,1,80,232971,75408,0,7.630000,h,0,0 
341633.104800,1,80,233016,75393,0,7.630000,h,0,0 
341895.396300,1,80,233024,75393,0,7.630000,h,0,0 
342157.694700,1,80,232994,75386,0,7.630000,h,0,0 
342425.977500,1,80,232955,75393,0,7.630000,h,0,0 
342682.290800,1,80,233009,75386,0,7.630000,h,0,0 
342944.590800,1,80,232955,75401,0,7.630000,h,0,0 
343206.890500,1,80,233009,75401,0,7.630000,h,0,0 
343469.188700,1,80,233047,75393,0,7.630000,h,0,0 
343734.478600,1,80,233039,75401,0,7.630000,h,0,0 
343996.774900,1,80,232986,75401,0,7.630000,h,0,0 
344259.075000,1,80,233001,75408,0,7.630000,h,0,0 
344783.673100,1,80,233047,75416,0,7.630000,h,0,0 
345044.974000,1,80,233024,75401,0,7.630000,h,0,0 
345307.273500,1,80,232994,75401,0,7.630000,h,0,0 
345569.568800,1,80,232971,75408,0,7.630000,h,0,0 
345834.860500,1,80,232994,75408,0,7.630000,h,0,0 
346098.156400,1,80,233001,75408,0,7.630000,h,0,0 
346360.457400,1,80,232986,75401,0,7.630000,h,0,0 
346622.755300,1,80,233032,75416,0,7.630000,h,0,0 
346884.055200,1,80,232971,75401,0,7.630000,h,0,0 
347146.353300,1,80,232986,75408,0,7.630000,h,0,0 
347408.685300,1,80,232963,75401,0,7.630000,h,0,0 
348198.553900,1,80,233093,75393,0,7.630000,h,0,0 
348461.838800,1,80,232963,75401,0,7.630000,h,0,0 
348723.136600,1,80,232948,75408,0,7.630000,h,0,0 
348985.435600,1,80,232971,75393,0,7.630000,h,0,0 
349247.736800,1,80,232978,75416,0,7.630000,h,0,0 
349510.037500,1,80,232971,75408,0,7.630000,h,0,0 
349772.331000,1,80,232955,75408,0,7.630000,h,0,0 
350034.631000,1,80,232963,75408,0,7.630000,h,0,0 
350295.933700,1,80,232994,75408,0,7.630000,h,0,0 
350562.220100,1,80,233001,75408,0,7.630000,h,0,0 
350824.523500,1,80,232986,75408,0,7.630000,h,0,0 
351086.815700,1,80,232994,75401,0,7.630000,h,0,0 
351349.115600,1,80,232978,75401,0,7.630000,h,0,0 
351611.434700,1,80,232986,75401,0,7.630000,h,0,0 
351872.714200,1,80,232978,75401,0,7.630000,h,0,0 
352135.013800,1,80,232986,75401,0,7.630000,h,0,0 
352397.313200,1,80,232978,75401,0,7.630000,h,0,0 
352662.604200,1,80,232971,75408,0,7.630000,h,0,0 
352924.900500,1,80,232955,75401,0,7.630000,h,0,0 
353187.201000,1,80,233108,75393,0,7.630000,h,0,0 
353449.509100,1,80,232986,75393,0,7.630000,h,0,0 
353711.795300,1,80,233024,75401,0,7.630000,h,0,0 
353974.094700,1,80,232994,75393,0,7.630000,h,0,0 
354236.395400,1,80,232971,75393,0,7.630000,h,0,0 
354759.992700,1,80,232925,75393,0,7.630000,h,0,0 
355026.286800,1,80,232948,75393,0,7.630000,h,0,0 
355288.580100,1,80,233001,75401,0,7.630000,h,0,0 
355551.879300,1,80,233009,75408,0,7.630000,h,0,0 
356075.477000,1,80,233016,75401,0,7.630000,h,0,0 
356599.075200,1,80,233009,75393,0,7.630000,h,0,0 
357127.663000,1,80,233001,75386,0,7.630000,h,0,0 
357389.964400,1,80,232971,75386,0,7.630000,h,0,0 
357652.261200,1,80,232963,75386,0,7.630000,h,0,0 
357914.557400,1,80,232978,75393,0,7.630000,h,0,0 
358176.856800,1,80,233016,75401,0,7.630000,h,0,0 
358439.157100,1,80,232955,75401,0,7.630000,h,0,0 
358701.453900,1,80,232971,75408,0,7.630000,h,0,0 
358962.755400,1,80,232994,75401,0,7.630000,h,0,0 
359752.644200,1,80,232963,75408,0,7.630000,h,0,0 
360014.940800,1,80,232955,75393,0,7.630000,h,0,0 
360278.297900,1,80,232963,75401,0,7.630000,h,0,0 
360539.556900,1,80,232994,75408,0,7.630000,h,0,0 
360801.864100,1,80,232948,75408,0,7.630000,h,0,0 
361064.136100,1,80,232978,75408,0,7.630000,h,0,0 
361326.436700,1,80,232986,75393,0,7.630000,h,0,0 
361587.737000,1,80,232955,75393,0,7.630000,h,0,0 
361854.028500,1,80,233039,75393,0,7.630000,h,0,0 
362116.323000,1,80,232894,75393,0,7.630000,h,0,0 
362378.622800,1,80,232986,75401,0,7.630000,h,0,0 
362640.921600,1,80,232978,75408,0,7.630000,h,0,0 
362903.217700,1,80,232994,75393,0,7.630000,h,0,0 
363164.518200,1,80,233131,75393,0,7.630000,h,0,0 
363426.818100,1,80,232986,75393,0,7.630000,h,0,0 
363689.116800,1,80,233009,75393,0,7.630000,h,0,0 
363954.440600,1,80,232986,75401,0,7.630000,h,0,0 
364216.709200,1,80,232963,75401,0,7.630000,h,0,0 
364480.017200,1,80,233009,75401,0,7.630000,h,0,0 
364742.301700,1,80,232994,75408,0,7.630000,h,0,0 
365004.596800,1,80,233016,75424,0,7.630000,h,0,0 
365265.900600,1,80,232994,75424,0,7.630000,h,0,0 
365790.496800,1,80,232978,75416,0,7.630000,h,0,0 
366052.796500,1,80,232955,75401,0,7.630000,h,0,0 
366318.085500,1,80,233024,75401,0,7.630000,h,0,0 
366580.384900,1,80,232978,75393,0,7.630000,h,0,0 
366843.680100,1,80,232994,75401,0,7.630000,h,0,0 
367104.981600,1,80,232940,75401,0,7.630000,h,0,0 
367367.279100,1,80,232933,75408,0,7.630000,h,0,0 
367629.580100,1,80,232971,75401,0,7.630000,h,0,0 
367891.875700,1,80,233016,75393,0,7.630000,h,0,0 
368153.178400,1,80,232948,75401,0,7.630000,h,0,0 
368415.480100,1,80,232955,75393,0,7.630000,h,0,0 
368681.766100,1,80,232948,75386,0,7.630000,h,0,0 
368944.065700,1,80,232940,75393,0,7.630000,h,0,0 
369206.373700,1,80,232925,75393,0,7.630000,h,0,0 
369468.662100,1,80,232963,75386,0,7.630000,h,0,0 
370255.562800,1,80,232948,75393,0,7.630000,h,0,0 
370516.860000,1,80,232940,75393,0,7.630000,h,0,0 
370782.150300,1,80,232925,75401,0,7.630000,h,0,0 
371044.474400,1,80,232894,75393,0,7.630000,h,0,0 
371569.049600,1,80,232955,75408,0,7.630000,h,0,0 
371831.346100,1,80,232917,75386,0,7.630000,h,0,0 
372093.643100,1,80,232940,75393,0,7.630000,h,0,0 
372355.941900,1,80,233016,75393,0,7.630000,h,0,0 
372618.238600,1,80,232933,75401,0,7.630000,h,0,0 
372879.540200,1,80,232978,75401,0,7.630000,h,0,0 
373145.827200,1,80,233123,75408,0,7.630000,h,0,0 
373408.126700,1,80,232948,75401,0,7.630000,h,0,0 
373670.427600,1,80,233001,75408,0,7.630000,h,0,0 
373932.723700,1,80,232971,75386,0,7.630000,h,0,0 
374195.048400,1,80,232963,75401,0,7.630000,h,0,0 
374471.286900,1,80,232971,75401,0,7.630000,h,0,0 
374719.618900,1,80,232910,75393,0,7.630000,h,0,0 
374980.919000,1,80,232940,75386,0,7.630000,h,0,0 
375243.217500,1,80,232963,75393,0,7.630000,h,0,0 
375509.506300,1,80,232971,75386,0,7.630000,h,0,0 
375771.807300,1,80,232955,75393,0,7.630000,h,0,0 
376296.407000,1,80,232978,75386,0,7.630000,h,0,0 
376557.702900,1,80,232971,75370,0,7.630000,h,0,0 
377082.300800,1,80,232879,75386,0,7.630000,h,0,0 
377345.595600,1,80,232971,75386,0,7.630000,h,0,0 
377609.889500,1,80,233078,75393,0,7.630000,h,0,0 
377872.189200,1,80,232910,75401,0,7.630000,h,0,0 
378134.520300,1,80,232986,75393,0,7.630000,h,0,0 
378396.786900,1,80,232910,75386,0,7.630000,h,0,0 
378659.086200,1,80,232948,75386,0,7.630000,h,0,0 
379183.681400,1,80,232963,75408,0,7.630000,h,0,0 
379445.983100,1,80,232925,75378,0,7.630000,h,0,0 
379973.568100,1,80,232971,75393,0,7.630000,h,0,0 
380235.867200,1,80,232955,75386,0,7.630000,h,0,0 
380498.173600,1,80,232963,75378,0,7.630000,h,0,0 
380760.478100,1,80,232933,75363,0,7.630000,h,0,0 
381022.761800,1,80,232925,75386,0,7.630000,h,0,0 
381285.063200,1,80,232955,75370,0,7.630000,h,0,0 
381547.362900,1,80,232910,75386,0,7.630000,h,0,0 
381808.660900,1,80,232925,75393,0,7.630000,h,0,0 
382070.959600,1,80,232841,75378,0,7.630000,h,0,0 
382336.252100,1,80,232902,75370,0,7.630000,h,0,0 
382599.556300,1,80,232963,75386,0,7.630000,h,0,0 
383123.158700,1,80,232902,75393,0,7.630000,h,0,0 
383386.443300,1,80,232872,75401,0,7.630000,h,0,0 
383647.744400,1,80,232940,75393,0,7.630000,h,0,0 
384172.375100,1,80,232925,75393,0,7.630000,h,0,0 
384434.673000,1,80,232971,75370,0,7.630000,h,0,0 
384699.930300,1,80,232917,75378,0,7.630000,h,0,0 
384962.227500,1,80,232925,75370,0,7.630000,h,0,0 
385224.531800,1,80,232933,75378,0,7.630000,h,0,0 
385749.125600,1,80,232986,75378,0,7.630000,h,0,0 
386011.422800,1,80,232940,75347,0,7.630000,h,0,0 
386272.724800,1,80,232933,75386,0,7.630000,h,0,0 
386536.021000,1,80,232948,75370,0,7.630000,h,0,0 
386801.312700,1,80,232940,75393,0,7.630000,h,0,0 
387063.608500,1,80,232925,75393,0,7.630000,h,0,0 
387325.909400,1,80,232963,75393,0,7.630000,h,0,0 
387588.209700,1,80,232940,75386,0,7.630000,h,0,0 
387850.505400,1,80,232933,75386,0,7.630000,h,0,0 
388111.804300,1,80,232902,75401,0,7.630000,h,0,0 
388374.107100,1,80,232971,75386,0,7.630000,h,0,0 
388637.403100,1,80,232963,75393,0,7.630000,h,0,0 
389426.290000,1,80,232894,75386,0,7.630000,h,0,0 
389689.590300,1,80,232940,75378,0,7.630000,h,0,0 
389950.888600,1,80,233001,75393,0,7.630000,h,0,0 
390213.186700,1,80,232925,75393,0,7.630000,h,0,0 
390475.487700,1,80,232902,75378,0,7.630000,h,0,0 
390737.784200,1,80,232940,75355,0,7.630000,h,0,0 
391000.081500,1,80,232910,75386,0,7.630000,h,0,0 
391265.412200,1,80,232955,75386,0,7.630000,h,0,0 
391527.671300,1,80,232948,75370,0,7.630000,h,0,0 
391789.974100,1,80,232933,75386,0,7.630000,h,0,0 
392052.274200,1,80,232948,75401,0,7.630000,h,0,0 
392314.591600,1,80,232910,75378,0,7.630000,h,0,0 
392576.881100,1,80,232887,75401,0,7.630000,h,0,0 
392839.167000,1,80,232933,75386,0,7.630000,h,0,0 
393100.464300,1,80,232910,75386,0,7.630000,h,0,0 
393362.764200,1,80,232925,75378,0,7.630000,h,0,0 
393629.056400,1,80,232910,75386,0,7.630000,h,0,0 
394153.652400,1,80,232917,75378,0,7.630000,h,0,0 
394415.949300,1,80,232902,75393,0,7.630000,h,0,0 
394677.251600,1,80,232879,75386,0,7.630000,h,0,0 
394939.547800,1,80,232864,75393,0,7.630000,h,0,0 
395201.845200,1,80,233055,75393,0,7.630000,h,0,0 
395464.146600,1,80,232948,75393,0,7.630000,h,0,0 
395729.436000,1,80,232933,75401,0,7.630000,h,0,0 
395991.733200,1,80,232849,75393,0,7.630000,h,0,0 
396254.033300,1,80,232955,75393,0,7.630000,h,0,0 
396516.334700,1,80,232849,75393,0,7.630000,h,0,0 
396778.632000,1,80,232894,75386,0,7.630000,h,0,0 
397040.927200,1,80,232902,75401,0,7.630000,h,0,0 
397319.183600,1,80,232910,75393,0,7.630000,h,0,0 
397565.545400,1,80,232917,75393,0,7.630000,h,0,0 
397826.853200,1,80,232910,75393,0,7.630000,h,0,0 
398093.113900,1,80,232933,75408,0,7.630000,h,0,0 
398355.414600,1,80,232971,75401,0,7.630000,h,0,0 
398617.713800,1,80,232940,75393,0,7.630000,h,0,0 
398880.012800,1,80,232925,75393,0,7.630000,h,0,0 
399156.272200,1,80,232963,75393,0,7.630000,h,0,0 
399404.608700,1,80,232948,75386,0,7.630000,h,0,0 
399666.910900,1,80,232940,75401,0,7.630000,h,0,0 
399928.205900,1,80,232933,75401,0,7.630000,h,0,0 
400193.497200,1,80,232986,75401,0,7.630000,h,0,0 
400456.798800,1,80,232963,75401,0,7.630000,h,0,0 
400719.100400,1,80,232955,75401,0,7.630000,h,0,0 
400981.393100,1,80,232925,75393,0,7.630000,h,0,0 
401242.691400,1,80,232955,75401,0,7.630000,h,0,0 
401504.990600,1,80,232910,75408,0,7.630000,h,0,0 
401767.289700,1,80,232940,75408,0,7.630000,h,0,0 
402029.586100,1,80,232955,75401,0,7.630000,h,0,0 
402291.886400,1,80,232933,75408,0,7.630000,h,0,0 
402557.202600,1,80,233009,75408,0,7.630000,h,0,0 
402819.475700,1,80,232963,75401,0,7.630000,h,0,0 
403081.778800,1,80,232925,75401,0,7.630000,h,0,0 
403344.073400,1,80,232955,75408,0,7.630000,h,0,0 
403606.371600,1,80,232963,75401,0,7.630000,h,0,0 
403868.670000,1,80,232910,75386,0,7.630000,h,0,0 
404393.266500,1,80,232894,75363,0,7.630000,h,0,0 
404920.861400,1,80,232872,75363,0,7.630000,h,0,0 
405183.154200,1,80,232902,75363,0,7.630000,h,0,0 
405445.454000,1,80,232894,75370,0,7.630000,h,0,0 
405707.754200,1,80,232849,75386,0,7.630000,h,0,0 
405969.052000,1,80,232902,75401,0,7.630000,h,0,0 
406231.350700,1,80,232887,75378,0,7.630000,h,0,0 
406493.652500,1,80,232872,75393,0,7.630000,h,0,0 
406755.949000,1,80,232849,75401,0,7.630000,h,0,0 
407022.236500,1,80,232894,75393,0,7.630000,h,0,0 
407283.537500,1,80,232948,75401,0,7.630000,h,0,0 
407546.835000,1,80,232910,75393,0,7.630000,h,0,0 
407809.134800,1,80,232887,75393,0,7.630000,h,0,0 
408070.468800,1,80,232910,75408,0,7.630000,h,0,0 
408332.730700,1,80,232894,75393,0,7.630000,h,0,0 
408595.032200,1,80,232887,75386,0,7.630000,h,0,0 
409119.628800,1,80,232864,75386,0,7.630000,h,0,0 
409385.056200,1,80,232902,75401,0,7.630000,h,0,0 
409647.220500,1,80,233001,75393,0,7.630000,h,0,0 
409909.551100,1,80,232955,75408,0,7.630000,h,0,0 
410171.813900,1,80,232894,75393,0,7.630000,h,0,0 
410696.412400,1,80,232856,75393,0,7.630000,h,0,0 
411220.012400,1,80,232833,75401,0,7.630000,h,0,0 
411482.309400,1,80,232856,75393,0,7.630000,h,0,0 
411748.600100,1,80,232894,75393,0,7.630000,h,0,0 
412010.896300,1,80,232940,75393,0,7.630000,h,0,0 
412273.195900,1,80,232902,75393,0,7.630000,h,0,0 
412535.493900,1,80,232917,75386,0,7.630000,h,0,0 
412796.798700,1,80,232894,75386,0,7.630000,h,0,0 
413059.094300,1,80,232910,75401,0,7.630000,h,0,0 
413583.692300,1,80,232917,75393,0,7.630000,h,0,0 
413845.989400,1,80,232879,75408,0,7.630000,h,0,0 
414111.278800,1,80,232933,75401,0,7.630000,h,0,0 
414373.577300,1,80,232894,75408,0,7.630000,h,0,0 
414636.888900,1,80,232879,75401,0,7.630000,h,0,0 
414898.176300,1,80,232910,75393,0,7.630000,h,0,0 
415160.506800,1,80,232902,75393,0,7.630000,h,0,0 
415422.793100,1,80,232910,75401,0,7.630000,h,0,0 
415685.073300,1,80,232902,75401,0,7.630000,h,0,0 
415946.372000,1,80,232864,75401,0,7.630000,h,0,0 
416212.665100,1,80,232879,75393,0,7.630000,h,0,0 
416474.963600,1,80,232849,75408,0,7.630000,h,0,0 
416737.260300,1,80,232902,75408,0,7.630000,h,0,0 
416999.558500,1,80,232940,75401,0,7.630000,h,0,0 
417261.854200,1,80,232894,75393,0,7.630000,h,0,0 
417786.467900,1,80,232872,75386,0,7.630000,h,0,0 
418047.753900,1,80,232917,75386,0,7.630000,h,0,0 
418310.051700,1,80,232887,75386,0,7.630000,h,0,0 
418576.340400,1,80,232894,75393,0,7.630000,h,0,0 
418838.661900,1,80,232910,75393,0,7.630000,h,0,0 
419100.937200,1,80,232894,75401,0,7.630000,h,0,0 
419362.239300,1,80,232841,75370,0,7.630000,h,0,0 
419624.538400,1,80,232879,75408,0,7.630000,h,0,0 
419886.842500,1,80,232910,75386,0,7.630000,h,0,0 
420149.152200,1,80,232864,75393,0,7.630000,h,0,0 
420411.432400,1,80,232872,75401,0,7.630000,h,0,0 
420676.721800,1,80,232925,75401,0,7.630000,h,0,0 
420939.025600,1,80,232933,75401,0,7.630000,h,0,0 
421201.319000,1,80,232925,75401,0,7.630000,h,0,0 
421463.618000,1,80,232971,75393,0,7.630000,h,0,0 
421725.955300,1,80,232879,75386,0,7.630000,h,0,0 
421989.237500,1,80,232894,75401,0,7.630000,h,0,0 
422250.512300,1,80,232872,75386,0,7.630000,h,0,0 
422512.811800,1,80,232826,75386,0,7.630000,h,0,0 
422775.147500,1,80,232833,75401,0,7.630000,h,0,0 
423040.403500,1,80,232826,75401,0,7.630000,h,0,0 
423302.705100,1,80,232879,75408,0,7.630000,h,0,0 
423564.998700,1,80,232902,75401,0,7.630000,h,0,0 
423827.299400,1,80,232849,75401,0,7.630000,h,0,0 
424089.596100,1,80,232879,75393,0,7.630000,h,0,0 
424351.894500,1,80,232894,75408,0,7.630000,h,0,0 
424614.194100,1,80,232841,75408,0,7.630000,h,0,0 
424875.494300,1,80,232803,75401,0,7.630000,h,0,0 
425140.784600,1,80,232849,75386,0,7.630000,h,0,0 
425403.083600,1,80,232887,75401,0,7.630000,h,0,0 
425666.397200,1,80,232864,75401,0,7.630000,h,0,0 
425928.693600,1,80,232849,75386,0,7.630000,h,0,0 
426452.276900,1,80,232841,75378,0,7.630000,h,0,0 
426714.579000,1,80,232833,75378,0,7.630000,h,0,0 
427239.174600,1,80,232757,75370,0,7.630000,h,0,0 
427504.464100,1,80,232810,75378,0,7.630000,h,0,0 
427766.763700,1,80,232887,75386,0,7.630000,h,0,0 
428030.070100,1,80,232810,75393,0,7.630000,h,0,0 
428291.359100,1,80,232826,75386,0,7.630000,h,0,0 
428553.663900,1,80,232810,75393,0,7.630000,h,0,0 
428815.959400,1,80,232803,75386,0,7.630000,h,0,0 
429078.258400,1,80,232841,75393,0,7.630000,h,0,0 
429339.583600,1,80,232849,75401,0,7.630000,h,0,0 
429601.859000,1,80,232810,75386,0,7.630000,h,0,0 
429868.148900,1,80,232887,75370,0,7.630000,h,0,0 
430130.441900,1,80,232826,75363,0,7.630000,h,0,0 
430392.739700,1,80,232833,75378,0,7.630000,h,0,0 
430655.041100,1,80,232849,75386,0,7.630000,h,0,0 
430923.323100,1,80,232810,75378,0,7.630000,h,0,0 
431178.639400,1,80,232986,75393,0,7.630000,h,0,0 
431440.938300,1,80,232849,75386,0,7.630000,h,0,0 
431703.237100,1,80,232902,75386,0,7.630000,h,0,0 
431966.533500,1,80,232894,75401,0,7.630000,h,0,0 
432230.833400,1,80,232902,75401,0,7.630000,h,0,0 
432494.131700,1,80,232887,75386,0,7.630000,h,0,0 
432755.477100,1,80,232864,75401,0,7.630000,h,0,0 
433280.018000,1,80,232925,75401,0,7.630000,h,0,0 
433542.319900,1,80,232948,75393,0,7.630000,h,0,0 
433804.619900,1,80,232856,75401,0,7.630000,h,0,0 
434065.918200,1,80,232910,75408,0,7.630000,h,0,0 
434332.205300,1,80,232864,75401,0,7.630000,h,0,0 
434594.503800,1,80,232894,75401,0,7.630000,h,0,0 
434856.804000,1,80,232856,75393,0,7.630000,h,0,0 
435381.400600,1,80,232887,75393,0,7.630000,h,0,0 
435643.699000,1,80,232841,75378,0,7.630000,h,0,0 
436167.298600,1,80,232971,75363,0,7.630000,h,0,0 
436429.597000,1,80,232841,75370,0,7.630000,h,0,0 
436694.896100,1,80,232849,75393,0,7.630000,h,0,0 
436958.184500,1,80,232902,75401,0,7.630000,h,0,0 
437220.481400,1,80,232887,75393,0,7.630000,h,0,0 
437481.790700,1,80,232879,75401,0,7.630000,h,0,0 
437744.081400,1,80,232818,75386,0,7.630000,h,0,0 
438006.381500,1,80,232872,75378,0,7.630000,h,0,0 
438268.679400,1,80,232902,75370,0,7.630000,h,0,0 
438793.308600,1,80,232917,75386,0,7.630000,h,0,0 
439059.565600,1,80,232864,75393,0,7.630000,h,0,0 
439320.864500,1,80,232894,75393,0,7.630000,h,0,0 
439583.196600,1,80,232887,75393,0,7.630000,h,0,0 
439845.471300,1,80,232864,75386,0,7.630000,h,0,0 
440107.763500,1,80,232849,75401,0,7.630000,h,0,0 
440370.059300,1,80,232902,75393,0,7.630000,h,0,0 
440631.361100,1,80,232879,75370,0,7.630000,h,0,0 
440894.661700,1,80,232887,75386,0,7.630000,h,0,0 
441159.947200,1,80,232864,75370,0,7.630000,h,0,0 
441422.245200,1,80,232887,75386,0,7.630000,h,0,0 
441684.544000,1,80,232902,75401,0,7.630000,h,0,0 
441946.844800,1,80,232917,75401,0,7.630000,h,0,0 
442732.769600,1,80,232902,75378,0,7.630000,h,0,0 
442995.040900,1,80,232894,75386,0,7.630000,h,0,0 
443257.337900,1,80,232872,75401,0,7.630000,h,0,0 
443522.655400,1,80,232994,75393,0,7.630000,h,0,0 
443785.931200,1,80,232879,75401,0,7.630000,h,0,0 
444048.228300,1,80,232856,75401,0,7.630000,h,0,0 
444309.524000,1,80,232833,75378,0,7.630000,h,0,0 
444571.823100,1,80,232902,75378,0,7.630000,h,0,0 
445096.420900,1,80,232887,75378,0,7.630000,h,0,0 
445358.726200,1,80,232856,75386,0,7.630000,h,0,0 
445624.009600,1,80,232887,75401,0,7.630000,h,0,0 
445886.312900,1,80,233047,75393,0,7.630000,h,0,0 
446148.615200,1,80,232894,75393,0,7.630000,h,0,0 
446410.905000,1,80,232887,75386,0,7.630000,h,0,0 
446673.204400,1,80,232902,75386,0,7.630000,h,0,0 
446935.504800,1,80,232856,75370,0,7.630000,h,0,0 
447196.836200,1,80,232833,75370,0,7.630000,h,0,0 
447459.102400,1,80,232841,75370,0,7.630000,h,0,0 
447721.401700,1,80,232818,75393,0,7.630000,h,0,0 
447987.690400,1,80,232833,75378,0,7.630000,h,0,0 
448249.988600,1,80,232864,75393,0,7.630000,h,0,0 
448512.286400,1,80,232872,75393,0,7.630000,h,0,0 
448774.584700,1,80,232894,75370,0,7.630000,h,0,0 
449036.886000,1,80,232849,75363,0,7.630000,h,0,0 
449298.185600,1,80,232841,75386,0,7.630000,h,0,0 
449560.482500,1,80,232856,75370,0,7.630000,h,0,0 
449836.744600,1,80,232833,75363,0,7.630000,h,0,0 
450085.092100,1,80,232856,75370,0,7.630000,h,0,0 
450350.375700,1,80,232963,75386,0,7.630000,h,0,0 
450612.696400,1,80,232910,75393,0,7.630000,h,0,0 
450874.968400,1,80,232917,75401,0,7.630000,h,0,0 
451399.565200,1,80,232894,75408,0,7.630000,h,0,0 
451661.865200,1,80,232948,75408,0,7.630000,h,0,0 
451924.163000,1,80,232933,75408,0,7.630000,h,0,0 
452186.461300,1,80,232925,75401,0,7.630000,h,0,0 
452447.762500,1,80,232887,75378,0,7.630000,h,0,0 
452714.050300,1,80,232841,75386,0,7.630000,h,0,0 
452976.348700,1,80,232864,75386,0,7.630000,h,0,0 
453238.648200,1,80,232902,75378,0,7.630000,h,0,0 
453500.946500,1,80,232910,75386,0,7.630000,h,0,0 
453763.243900,1,80,232902,75401,0,7.630000,h,0,0 
454025.545700,1,80,232894,75393,0,7.630000,h,0,0 
454286.844100,1,80,232910,75386,0,7.630000,h,0,0 
454549.141200,1,80,232872,75386,0,7.630000,h,0,0 
454814.434600,1,80,232864,75408,0,7.630000,h,0,0 
455077.731200,1,80,232902,75393,0,7.630000,h,0,0 
455340.027300,1,80,232940,75393,0,7.630000,h,0,0 
455601.328600,1,80,232872,75370,0,7.630000,h,0,0 
455863.629200,1,80,232849,75386,0,7.630000,h,0,0 
456125.931100,1,80,232902,75386,0,7.630000,h,0,0 
456388.252900,1,80,232917,75401,0,7.630000,h,0,0 
456912.822600,1,80,232894,75386,0,7.630000,h,0,0 
457178.114500,1,80,233009,75378,0,7.630000,h,0,0 
457440.409900,1,80,232902,75386,0,7.630000,h,0,0 
457702.709400,1,80,232910,75386,0,7.630000,h,0,0 
457965.008600,1,80,232986,75378,0,7.630000,h,0,0 
458227.305600,1,80,233001,75393,0,7.630000,h,0,0 
458489.604700,1,80,232841,75386,0,7.630000,h,0,0 
458751.903300,1,80,232810,75378,0,7.630000,h,0,0 
459014.203600,1,80,232711,75386,0,7.630000,h,0,0 
459279.501300,1,80,232841,75401,0,7.630000,h,0,0 
459541.791000,1,80,232765,75386,0,7.630000,h,0,0 
459804.090200,1,80,232833,75386,0,7.630000,h,0,0 
460066.392000,1,80,232826,75370,0,7.630000,h,0,0 
460328.685600,1,80,232810,75386,0,7.630000,h,0,0 
460590.987800,1,80,232818,75393,0,7.630000,h,0,0 
460852.290000,1,80,232788,75363,0,7.630000,h,0,0 
461114.586300,1,80,232864,75393,0,7.630000,h,0,0 
461376.883000,1,80,232826,75386,0,7.630000,h,0,0 
461905.470700,1,80,232864,75386,0,7.630000,h,0,0 
462167.771200,1,80,232833,75386,0,7.630000,h,0,0 
462429.070000,1,80,232849,75393,0,7.630000,h,0,0 
462691.371400,1,80,232856,75401,0,7.630000,h,0,0 
462953.703100,1,80,232887,75393,0,7.630000,h,0,0 
463215.977100,1,80,232879,75393,0,7.630000,h,0,0 
463478.297900,1,80,232902,75401,0,7.630000,h,0,0 
463743.557200,1,80,232917,75393,0,7.630000,h,0,0 
464005.901400,1,80,232887,75386,0,7.630000,h,0,0 
464530.450800,1,80,232864,75378,0,7.630000,h,0,0 
464794.745800,1,80,232872,75386,0,7.630000,h,0,0 
465317.371400,1,80,232902,75393,0,7.630000,h,0,0 
465578.680500,1,80,232856,75386,0,7.630000,h,0,0 
465840.984900,1,80,232872,75401,0,7.630000,h,0,0 
466107.254600,1,80,232879,75401,0,7.630000,h,0,0 
466369.532000,1,80,232864,75401,0,7.630000,h,0,0 
466631.832700,1,80,232856,75393,0,7.630000,h,0,0 
467156.430900,1,80,232841,75393,0,7.630000,h,0,0 
467417.728300,1,80,232849,75401,0,7.630000,h,0,0 
467681.033000,1,80,232864,75401,0,7.630000,h,0,0 
467942.328200,1,80,232810,75393,0,7.630000,h,0,0 
468204.658300,1,80,232826,75378,0,7.630000,h,0,0 
468469.915800,1,80,232879,75370,0,7.630000,h,0,0 
468995.510200,1,80,232894,75378,0,7.630000,h,0,0 
469257.812200,1,80,232856,75378,0,7.630000,h,0,0 
469519.112300,1,80,232864,75386,0,7.630000,h,0,0 
469781.408200,1,80,232872,75393,0,7.630000,h,0,0 
470043.711200,1,80,232826,75378,0,7.630000,h,0,0 
470306.005400,1,80,232864,75393,0,7.630000,h,0,0 
470571.296600,1,80,232971,75393,0,7.630000,h,0,0 
470833.601300,1,80,232833,75401,0,7.630000,h,0,0 
471095.907800,1,80,232856,75378,0,7.630000,h,0,0 
471358.197200,1,80,232833,75378,0,7.630000,h,0,0 
471620.526200,1,80,232795,75378,0,7.630000,h,0,0 
471882.789300,1,80,232833,75378,0,7.630000,h,0,0 
472145.090100,1,80,232872,75401,0,7.630000,h,0,0 
472406.389700,1,80,232887,75393,0,7.630000,h,0,0 
472668.689100,1,80,232833,75386,0,7.630000,h,0,0 
472934.977200,1,80,232841,75378,0,7.630000,h,0,0 
473197.277000,1,80,232810,75378,0,7.630000,h,0,0 
473459.574600,1,80,232872,75386,0,7.630000,h,0,0 
473720.873300,1,80,232826,75393,0,7.630000,h,0,0 
473984.170900,1,80,232818,75401,0,7.630000,h,0,0 
474246.470400,1,80,232757,75393,0,7.630000,h,0,0 
474507.768700,1,80,232833,75408,0,7.630000,h,0,0 
474770.069600,1,80,232826,75401,0,7.630000,h,0,0 
475032.387600,1,80,232849,75386,0,7.630000,h,0,0 
475559.955700,1,80,232879,75386,0,7.630000,h,0,0 
475827.243800,1,80,232856,75393,0,7.630000,h,0,0 
476346.878900,1,80,232826,75370,0,7.630000,h,0,0 
476609.149300,1,80,232818,75393,0,7.630000,h,0,0 
476872.445600,1,80,232887,75393,0,7.630000,h,0,0 
477399.041400,1,80,232872,75386,0,7.630000,h,0,0 
477661.362000,1,80,232841,75401,0,7.630000,h,0,0 
477924.632100,1,80,232879,75393,0,7.630000,h,0,0 
478185.939500,1,80,232841,75378,0,7.630000,h,0,0 
478448.266700,1,80,232894,75386,0,7.630000,h,0,0 
478709.533200,1,80,232864,75393,0,7.630000,h,0,0 
478971.835300,1,80,232894,75401,0,7.630000,h,0,0 
479235.129300,1,80,232910,75408,0,7.630000,h,0,0 
479496.430500,1,80,232894,75386,0,7.630000,h,0,0 
479761.728100,1,80,232849,75370,0,7.630000,h,0,0 
480024.052100,1,80,232894,75386,0,7.630000,h,0,0 
480287.315100,1,80,232856,75386,0,7.630000,h,0,0 
480548.712400,1,80,232841,75401,0,7.630000,h,0,0 
481073.250700,1,80,232810,75393,0,7.630000,h,0,0 
481335.512800,1,80,232864,75378,0,7.630000,h,0,0 
481620.748900,1,80,232833,75393,0,7.630000,h,0,0 
481860.110200,1,80,232841,75378,0,7.630000,h,0,0 
482125.402000,1,80,232856,75378,0,7.630000,h,0,0 
482387.699300,1,80,232887,75386,0,7.630000,h,0,0 
482912.296500,1,80,232872,75386,0,7.630000,h,0,0 
483436.891000,1,80,232894,75386,0,7.630000,h,0,0 
483698.193800,1,80,232872,75386,0,7.630000,h,0,0 
483960.496000,1,80,232902,75378,0,7.630000,h,0,0 
484226.782600,1,80,232917,75347,0,7.630000,h,0,0 
484489.119700,1,80,232849,75363,0,7.630000,h,0,0 
484751.379500,1,80,232856,75363,0,7.630000,h,0,0 
485013.675800,1,80,232872,75370,0,7.630000,h,0,0 
485275.977100,1,80,232803,75386,0,7.630000,h,0,0 
485537.275700,1,80,233001,75378,0,7.630000,h,0,0 
485799.574600,1,80,232849,75386,0,7.630000,h,0,0 
486061.874700,1,80,232841,75378,0,7.630000,h,0,0 
486324.172000,1,80,232833,75363,0,7.630000,h,0,0 
486589.461500,1,80,232879,75378,0,7.630000,h,0,0 
486851.759400,1,80,232971,75393,0,7.630000,h,0,0 
487114.060800,1,80,233024,75363,0,7.630000,h,0,0 
487377.354500,1,80,232864,75386,0,7.630000,h,0,0 
487638.683500,1,80,232879,75401,0,7.630000,h,0,0 
487900.954500,1,80,232971,75386,0,7.630000,h,0,0 
488163.257800,1,80,233032,75393,0,7.630000,h,0,0 
488424.581700,1,80,232849,75393,0,7.630000,h,0,0 
488686.856700,1,80,232910,75401,0,7.630000,h,0,0 
488953.142400,1,80,232894,75386,0,7.630000,h,0,0 
489215.441600,1,80,232864,75386,0,7.630000,h,0,0 
489477.738900,1,80,232887,75386,0,7.630000,h,0,0 
489740.036600,1,80,232849,75393,0,7.630000,h,0,0 
490002.334300,1,80,232894,75386,0,7.630000,h,0,0 
490263.638300,1,80,232910,75401,0,7.630000,h,0,0 
490525.962300,1,80,232879,75393,0,7.630000,h,0,0 
490788.234800,1,80,232894,75401,0,7.630000,h,0,0 
491051.531500,1,80,232826,75386,0,7.630000,h,0,0 
491316.821300,1,80,232833,75378,0,7.630000,h,0,0 
491841.416500,1,80,232894,75386,0,7.630000,h,0,0 
492102.721400,1,80,232864,75378,0,7.630000,h,0,0 
492366.017600,1,80,232849,75370,0,7.630000,h,0,0 
492627.329900,1,80,232826,75378,0,7.630000,h,0,0 
492889.688900,1,80,232879,75386,0,7.630000,h,0,0 
493151.917500,1,80,232887,75370,0,7.630000,h,0,0 
493417.205600,1,80,232826,75355,0,7.630000,h,0,0 
493679.501700,1,80,232849,75370,0,7.630000,h,0,0 
493942.800400,1,80,232864,75386,0,7.630000,h,0,0 
494204.099700,1,80,232849,75370,0,7.630000,h,0,0 
494466.398200,1,80,232872,75393,0,7.630000,h,0,0 
494728.695400,1,80,232887,75393,0,7.630000,h,0,0 
494990.996200,1,80,232864,75393,0,7.630000,h,0,0 
495514.596400,1,80,232872,75393,0,7.630000,h,0,0 
495780.883200,1,80,232894,75401,0,7.630000,h,0,0 
496043.184600,1,80,232841,75386,0,7.630000,h,0,0 
496305.480400,1,80,232849,75393,0,7.630000,h,0,0 
496567.779400,1,80,232879,75393,0,7.630000,h,0,0 
496829.107100,1,80,232872,75401,0,7.630000,h,0,0 
497092.375300,1,80,232917,75401,0,7.630000,h,0,0 
497353.677100,1,80,232887,75401,0,7.630000,h,0,0 
497615.975400,1,80,232864,75393,0,7.630000,h,0,0 
497882.264000,1,80,232849,75386,0,7.630000,h,0,0 
498143.566900,1,80,232810,75386,0,7.630000,h,0,0 
498406.862100,1,80,232826,75401,0,7.630000,h,0,0 
498668.166700,1,80,232841,75393,0,7.630000,h,0,0 
498930.460300,1,80,232826,75401,0,7.630000,h,0,0 
499192.760600,1,80,232872,75401,0,7.630000,h,0,0 
499455.055800,1,80,232818,75393,0,7.630000,h,0,0 
499979.667300,1,80,232841,75386,0,7.630000,h,0,0 
500244.945400,1,80,232826,75401,0,7.630000,h,0,0 
500507.243600,1,80,232810,75386,0,7.630000,h,0,0 
500769.541700,1,80,232780,75386,0,7.630000,h,0,0 
501031.868900,1,80,232810,75401,0,7.630000,h,0,0 
501294.147300,1,80,232841,75408,0,7.630000,h,0,0 
501561.426000,1,80,232826,75408,0,7.630000,h,0,0 
501818.737800,1,80,232818,75401,0,7.630000,h,0,0 
502081.035000,1,80,232872,75408,0,7.630000,h,0,0 
502346.326300,1,80,232826,75401,0,7.630000,h,0,0 
502608.622900,1,80,232803,75401,0,7.630000,h,0,0 
502870.921600,1,80,232765,75386,0,7.630000,h,0,0 
503133.224300,1,80,232833,75386,0,7.630000,h,0,0 
503395.522300,1,80,232826,75393,0,7.630000,h,0,0 
503657.820800,1,80,232810,75393,0,7.630000,h,0,0 
503919.119900,1,80,232833,75393,0,7.630000,h,0,0 
504181.419600,1,80,232826,75386,0,7.630000,h,0,0 
504443.749700,1,80,232810,75340,0,7.630000,h,0,0 
504709.034500,1,80,232765,75370,0,7.630000,h,0,0 
505234.604300,1,80,232772,75378,0,7.630000,h,0,0 
505495.907400,1,80,232856,75370,0,7.630000,h,0,0 
505759.197800,1,80,232788,75378,0,7.630000,h,0,0 
506020.504400,1,80,232826,75393,0,7.630000,h,0,0 
506282.800200,1,80,232788,75393,0,7.630000,h,0,0 
506545.124400,1,80,232849,75393,0,7.630000,h,0,0 
506810.387900,1,80,232810,75408,0,7.630000,h,0,0 
507072.686700,1,80,232803,75408,0,7.630000,h,0,0 
507334.989600,1,80,232833,75401,0,7.630000,h,0,0 
507601.274000,1,80,232810,75401,0,7.630000,h,0,0 
507859.583400,1,80,232841,75386,0,7.630000,h,0,0 
508121.880800,1,80,232856,75401,0,7.630000,h,0,0 
508384.181300,1,80,232833,75393,0,7.630000,h,0,0 
508646.480200,1,80,232841,75401,0,7.630000,h,0,0 
508907.781500,1,80,232810,75386,0,7.630000,h,0,0 
509174.068100,1,80,232818,75393,0,7.630000,h,0,0 
509436.369900,1,80,232879,75393,0,7.630000,h,0,0 
509698.663700,1,80,232841,75401,0,7.630000,h,0,0 
509960.962300,1,80,232856,75393,0,7.630000,h,0,0 
510223.267400,1,80,233009,75393,0,7.630000,h,0,0 
510484.589400,1,80,232902,75401,0,7.630000,h,0,0 
510746.860000,1,80,232933,75401,0,7.630000,h,0,0 
511009.162200,1,80,232849,75393,0,7.630000,h,0,0 
511271.460200,1,80,232917,75386,0,7.630000,h,0,0 
511536.751000,1,80,232887,75393,0,7.630000,h,0,0 
511800.045000,1,80,232864,75378,0,7.630000,h,0,0 
512061.348200,1,80,232856,75401,0,7.630000,h,0,0 
512323.653200,1,80,232833,75393,0,7.630000,h,0,0 
512585.944100,1,80,233001,75408,0,7.630000,h,0,0 
512848.276100,1,80,232856,75401,0,7.630000,h,0,0 
513134.477200,1,80,232841,75401,0,7.630000,h,0,0 
513372.844300,1,80,232810,75393,0,7.630000,h,0,0 
513638.129200,1,80,232864,75393,0,7.630000,h,0,0 
513900.427500,1,80,232841,75386,0,7.630000,h,0,0 
514162.726900,1,80,232849,75393,0,7.630000,h,0,0 
514425.025200,1,80,232856,75386,0,7.630000,h,0,0 
514687.323300,1,80,232849,75393,0,7.630000,h,0,0 
514966.577800,1,80,232879,75386,0,7.630000,h,0,0 
515211.921500,1,80,232810,75393,0,7.630000,h,0,0 
515474.220900,1,80,232795,75386,0,7.630000,h,0,0 
515735.520400,1,80,232872,75401,0,7.630000,h,0,0 
516000.813800,1,80,232841,75386,0,7.630000,h,0,0 
516264.108400,1,80,232810,75393,0,7.630000,h,0,0 
